-- --------------------------------------------------------
-- Host:                         127.0.0.1
-- Server version:               8.0.30 - MySQL Community Server - GPL
-- Server OS:                    Win64
-- HeidiSQL Version:             12.1.0.6537
-- --------------------------------------------------------

/*!40101 SET @OLD_CHARACTER_SET_CLIENT=@@CHARACTER_SET_CLIENT */;
/*!40101 SET NAMES utf8 */;
/*!50503 SET NAMES utf8mb4 */;
/*!40103 SET @OLD_TIME_ZONE=@@TIME_ZONE */;
/*!40103 SET TIME_ZONE='+00:00' */;
/*!40014 SET @OLD_FOREIGN_KEY_CHECKS=@@FOREIGN_KEY_CHECKS, FOREIGN_KEY_CHECKS=0 */;
/*!40101 SET @OLD_SQL_MODE=@@SQL_MODE, SQL_MODE='NO_AUTO_VALUE_ON_ZERO' */;
/*!40111 SET @OLD_SQL_NOTES=@@SQL_NOTES, SQL_NOTES=0 */;

-- Dumping structure for table db_koperasi3.angsuran
CREATE TABLE IF NOT EXISTS `angsuran` (
  `id` int NOT NULL AUTO_INCREMENT,
  `no_pinjaman` int NOT NULL,
  `id_anggota` int NOT NULL,
  `angsuran` int NOT NULL,
  `jatuh_tempo` date NOT NULL,
  `tgl_bayar` date DEFAULT NULL,
  `bayar` int NOT NULL,
  `sisa` int NOT NULL,
  `denda` int DEFAULT NULL,
  `jumlah` int NOT NULL,
  `status` varchar(15) NOT NULL,
  PRIMARY KEY (`id`),
  KEY `FK_angsuran_user` (`id_anggota`),
  KEY `FK_angsuran_pinjaman` (`no_pinjaman`),
  CONSTRAINT `FK_angsuran_pinjaman` FOREIGN KEY (`no_pinjaman`) REFERENCES `pinjaman` (`no_pinjaman`),
  CONSTRAINT `FK_angsuran_user` FOREIGN KEY (`id_anggota`) REFERENCES `user` (`id_anggota`)
) ENGINE=InnoDB AUTO_INCREMENT=742 DEFAULT CHARSET=utf8mb4 COLLATE=utf8mb4_0900_ai_ci;

-- Dumping data for table db_koperasi3.angsuran: ~699 rows (approximately)
INSERT INTO `angsuran` (`id`, `no_pinjaman`, `id_anggota`, `angsuran`, `jatuh_tempo`, `tgl_bayar`, `bayar`, `sisa`, `denda`, `jumlah`, `status`) VALUES
	(1, 1, 2, 1, '2024-02-17', NULL, 1680000, 18480000, 0, 1680000, '2'),
	(2, 1, 2, 2, '2024-03-17', NULL, 1680000, 16800000, 0, 1680000, '2'),
	(3, 1, 2, 3, '2024-04-17', NULL, 1680000, 15120000, 0, 1680000, '2'),
	(4, 1, 2, 4, '2024-05-17', NULL, 1680000, 13440000, 0, 1680000, '0'),
	(5, 1, 2, 5, '2024-06-17', NULL, 1680000, 11760000, 0, 1680000, '0'),
	(6, 1, 2, 6, '2024-07-17', NULL, 1680000, 10080000, 0, 1680000, '0'),
	(7, 1, 2, 7, '2024-08-17', NULL, 1680000, 8400000, 0, 1680000, '0'),
	(8, 1, 2, 8, '2024-09-17', NULL, 1680000, 6720000, 0, 1680000, '0'),
	(9, 1, 2, 9, '2024-10-17', NULL, 1680000, 5040000, 0, 1680000, '0'),
	(10, 1, 2, 10, '2024-11-17', NULL, 1680000, 3360000, 0, 1680000, '0'),
	(11, 1, 2, 11, '2024-12-17', NULL, 1680000, 1680000, 0, 1680000, '0'),
	(12, 1, 2, 12, '2025-01-17', NULL, 1680000, 0, 0, 1680000, '0'),
	(13, 2, 59, 1, '2024-02-17', NULL, 3266667, 35933337, 0, 3266667, '0'),
	(14, 2, 59, 2, '2024-03-17', NULL, 3266667, 32666670, 0, 3266667, '0'),
	(15, 2, 59, 3, '2024-04-17', NULL, 3266667, 29400003, 0, 3266667, '0'),
	(16, 2, 59, 4, '2024-05-17', NULL, 3266667, 26133336, 0, 3266667, '0'),
	(17, 2, 59, 5, '2024-06-17', NULL, 3266667, 22866669, 0, 3266667, '0'),
	(18, 2, 59, 6, '2024-07-17', NULL, 3266667, 19600002, 0, 3266667, '0'),
	(19, 2, 59, 7, '2024-08-17', NULL, 3266667, 16333335, 0, 3266667, '0'),
	(20, 2, 59, 8, '2024-09-17', NULL, 3266667, 13066668, 0, 3266667, '0'),
	(21, 2, 59, 9, '2024-10-17', NULL, 3266667, 9800001, 0, 3266667, '0'),
	(22, 2, 59, 10, '2024-11-17', NULL, 3266667, 6533334, 0, 3266667, '0'),
	(23, 2, 59, 11, '2024-12-17', NULL, 3266667, 3266667, 0, 3266667, '0'),
	(24, 2, 59, 12, '2025-01-17', NULL, 3266667, 0, 0, 3266667, '0'),
	(25, 3, 6, 1, '2024-02-17', NULL, 933333, 10266663, 0, 933333, '0'),
	(26, 3, 6, 2, '2024-03-17', NULL, 933333, 9333330, 0, 933333, '0'),
	(27, 3, 6, 3, '2024-04-17', NULL, 933333, 8399997, 0, 933333, '0'),
	(28, 3, 6, 4, '2024-05-17', NULL, 933333, 7466664, 0, 933333, '0'),
	(29, 3, 6, 5, '2024-06-17', NULL, 933333, 6533331, 0, 933333, '0'),
	(30, 3, 6, 6, '2024-07-17', NULL, 933333, 5599998, 0, 933333, '0'),
	(31, 3, 6, 7, '2024-08-17', NULL, 933333, 4666665, 0, 933333, '0'),
	(32, 3, 6, 8, '2024-09-17', NULL, 933333, 3733332, 0, 933333, '0'),
	(33, 3, 6, 9, '2024-10-17', NULL, 933333, 2799999, 0, 933333, '0'),
	(34, 3, 6, 10, '2024-11-17', NULL, 933333, 1866666, 0, 933333, '0'),
	(35, 3, 6, 11, '2024-12-17', NULL, 933333, 933333, 0, 933333, '0'),
	(36, 3, 6, 12, '2025-01-17', NULL, 933333, 0, 0, 933333, '0'),
	(37, 4, 74, 1, '2024-02-17', NULL, 186667, 2053337, 0, 186667, '0'),
	(38, 4, 74, 2, '2024-03-17', NULL, 186667, 1866670, 0, 186667, '0'),
	(39, 4, 74, 3, '2024-04-17', NULL, 186667, 1680003, 0, 186667, '0'),
	(40, 4, 74, 4, '2024-05-17', NULL, 186667, 1493336, 0, 186667, '0'),
	(41, 4, 74, 5, '2024-06-17', NULL, 186667, 1306669, 0, 186667, '0'),
	(42, 4, 74, 6, '2024-07-17', NULL, 186667, 1120002, 0, 186667, '0'),
	(43, 4, 74, 7, '2024-08-17', NULL, 186667, 933335, 0, 186667, '0'),
	(44, 4, 74, 8, '2024-09-17', NULL, 186667, 746668, 0, 186667, '0'),
	(45, 4, 74, 9, '2024-10-17', NULL, 186667, 560001, 0, 186667, '0'),
	(46, 4, 74, 10, '2024-11-17', NULL, 186667, 373334, 0, 186667, '0'),
	(47, 4, 74, 11, '2024-12-17', NULL, 186667, 186667, 0, 186667, '0'),
	(48, 4, 74, 12, '2025-01-17', NULL, 186667, 0, 0, 186667, '0'),
	(49, 5, 22, 1, '2024-02-17', NULL, 266000, 2926000, 0, 266000, '0'),
	(50, 5, 22, 2, '2024-03-17', NULL, 266000, 2660000, 0, 266000, '0'),
	(51, 5, 22, 3, '2024-04-17', NULL, 266000, 2394000, 0, 266000, '0'),
	(52, 5, 22, 4, '2024-05-17', NULL, 266000, 2128000, 0, 266000, '0'),
	(53, 5, 22, 5, '2024-06-17', NULL, 266000, 1862000, 0, 266000, '0'),
	(54, 5, 22, 6, '2024-07-17', NULL, 266000, 1596000, 0, 266000, '0'),
	(55, 5, 22, 7, '2024-08-17', NULL, 266000, 1330000, 0, 266000, '0'),
	(56, 5, 22, 8, '2024-09-17', NULL, 266000, 1064000, 0, 266000, '0'),
	(57, 5, 22, 9, '2024-10-17', NULL, 266000, 798000, 0, 266000, '0'),
	(58, 5, 22, 10, '2024-11-17', NULL, 266000, 532000, 0, 266000, '0'),
	(59, 5, 22, 11, '2024-12-17', NULL, 266000, 266000, 0, 266000, '0'),
	(60, 5, 22, 12, '2025-01-17', NULL, 266000, 0, 0, 266000, '0'),
	(61, 6, 42, 1, '2024-02-17', NULL, 1540000, 16940000, 0, 1540000, '0'),
	(62, 6, 42, 2, '2024-03-17', NULL, 1540000, 15400000, 0, 1540000, '0'),
	(63, 6, 42, 3, '2024-04-17', NULL, 1540000, 13860000, 0, 1540000, '0'),
	(64, 6, 42, 4, '2024-05-17', NULL, 1540000, 12320000, 0, 1540000, '0'),
	(65, 6, 42, 5, '2024-06-17', NULL, 1540000, 10780000, 0, 1540000, '0'),
	(66, 6, 42, 6, '2024-07-17', NULL, 1540000, 9240000, 0, 1540000, '0'),
	(67, 6, 42, 7, '2024-08-17', NULL, 1540000, 7700000, 0, 1540000, '0'),
	(68, 6, 42, 8, '2024-09-17', NULL, 1540000, 6160000, 0, 1540000, '0'),
	(69, 6, 42, 9, '2024-10-17', NULL, 1540000, 4620000, 0, 1540000, '0'),
	(70, 6, 42, 10, '2024-11-17', NULL, 1540000, 3080000, 0, 1540000, '0'),
	(71, 6, 42, 11, '2024-12-17', NULL, 1540000, 1540000, 0, 1540000, '0'),
	(72, 6, 42, 12, '2025-01-17', NULL, 1540000, 0, 0, 1540000, '0'),
	(73, 7, 17, 1, '2024-02-17', NULL, 2426667, 26693337, 0, 2426667, '0'),
	(74, 7, 17, 2, '2024-03-17', NULL, 2426667, 24266670, 0, 2426667, '0'),
	(75, 7, 17, 3, '2024-04-17', NULL, 2426667, 21840003, 0, 2426667, '0'),
	(76, 7, 17, 4, '2024-05-17', NULL, 2426667, 19413336, 0, 2426667, '0'),
	(77, 7, 17, 5, '2024-06-17', NULL, 2426667, 16986669, 0, 2426667, '0'),
	(78, 7, 17, 6, '2024-07-17', NULL, 2426667, 14560002, 0, 2426667, '0'),
	(79, 7, 17, 7, '2024-08-17', NULL, 2426667, 12133335, 0, 2426667, '0'),
	(80, 7, 17, 8, '2024-09-17', NULL, 2426667, 9706668, 0, 2426667, '0'),
	(81, 7, 17, 9, '2024-10-17', NULL, 2426667, 7280001, 0, 2426667, '0'),
	(82, 7, 17, 10, '2024-11-17', NULL, 2426667, 4853334, 0, 2426667, '0'),
	(83, 7, 17, 11, '2024-12-17', NULL, 2426667, 2426667, 0, 2426667, '0'),
	(84, 7, 17, 12, '2025-01-17', NULL, 2426667, 0, 0, 2426667, '0'),
	(85, 8, 48, 1, '2024-02-17', NULL, 1283333, 14116663, 0, 1283333, '0'),
	(86, 8, 48, 2, '2024-03-17', NULL, 1283333, 12833330, 0, 1283333, '0'),
	(87, 8, 48, 3, '2024-04-17', NULL, 1283333, 11549997, 0, 1283333, '0'),
	(88, 8, 48, 4, '2024-05-17', NULL, 1283333, 10266664, 0, 1283333, '0'),
	(89, 8, 48, 5, '2024-06-17', NULL, 1283333, 8983331, 0, 1283333, '0'),
	(90, 8, 48, 6, '2024-07-17', NULL, 1283333, 7699998, 0, 1283333, '0'),
	(91, 8, 48, 7, '2024-08-17', NULL, 1283333, 6416665, 0, 1283333, '0'),
	(92, 8, 48, 8, '2024-09-17', NULL, 1283333, 5133332, 0, 1283333, '0'),
	(93, 8, 48, 9, '2024-10-17', NULL, 1283333, 3849999, 0, 1283333, '0'),
	(94, 8, 48, 10, '2024-11-17', NULL, 1283333, 2566666, 0, 1283333, '0'),
	(95, 8, 48, 11, '2024-12-17', NULL, 1283333, 1283333, 0, 1283333, '0'),
	(96, 8, 48, 12, '2025-01-17', NULL, 1283333, 0, 0, 1283333, '0'),
	(97, 9, 52, 1, '2024-02-17', NULL, 350000, 3850000, 0, 350000, '0'),
	(98, 9, 52, 2, '2024-03-17', NULL, 350000, 3500000, 0, 350000, '0'),
	(99, 9, 52, 3, '2024-04-17', NULL, 350000, 3150000, 0, 350000, '0'),
	(100, 9, 52, 4, '2024-05-17', NULL, 350000, 2800000, 0, 350000, '0'),
	(101, 9, 52, 5, '2024-06-17', NULL, 350000, 2450000, 0, 350000, '0'),
	(102, 9, 52, 6, '2024-07-17', NULL, 350000, 2100000, 0, 350000, '0'),
	(103, 9, 52, 7, '2024-08-17', NULL, 350000, 1750000, 0, 350000, '0'),
	(104, 9, 52, 8, '2024-09-17', NULL, 350000, 1400000, 0, 350000, '0'),
	(105, 9, 52, 9, '2024-10-17', NULL, 350000, 1050000, 0, 350000, '0'),
	(106, 9, 52, 10, '2024-11-17', NULL, 350000, 700000, 0, 350000, '0'),
	(107, 9, 52, 11, '2024-12-17', NULL, 350000, 350000, 0, 350000, '0'),
	(108, 9, 52, 12, '2025-01-17', NULL, 350000, 0, 0, 350000, '0'),
	(109, 10, 34, 1, '2024-02-17', NULL, 808267, 8890937, 0, 808267, '0'),
	(110, 10, 34, 2, '2024-03-17', NULL, 808267, 8082670, 0, 808267, '0'),
	(111, 10, 34, 3, '2024-04-17', NULL, 808267, 7274403, 0, 808267, '0'),
	(112, 10, 34, 4, '2024-05-17', NULL, 808267, 6466136, 0, 808267, '0'),
	(113, 10, 34, 5, '2024-06-17', NULL, 808267, 5657869, 0, 808267, '0'),
	(114, 10, 34, 6, '2024-07-17', NULL, 808267, 4849602, 0, 808267, '0'),
	(115, 10, 34, 7, '2024-08-17', NULL, 808267, 4041335, 0, 808267, '0'),
	(116, 10, 34, 8, '2024-09-17', NULL, 808267, 3233068, 0, 808267, '0'),
	(117, 10, 34, 9, '2024-10-17', NULL, 808267, 2424801, 0, 808267, '0'),
	(118, 10, 34, 10, '2024-11-17', NULL, 808267, 1616534, 0, 808267, '0'),
	(119, 10, 34, 11, '2024-12-17', NULL, 808267, 808267, 0, 808267, '0'),
	(120, 10, 34, 12, '2025-01-17', NULL, 808267, 0, 0, 808267, '0'),
	(121, 11, 3, 1, '2024-02-17', NULL, 46667, 513337, 0, 46667, '0'),
	(122, 11, 3, 2, '2024-03-17', NULL, 46667, 466670, 0, 46667, '0'),
	(123, 11, 3, 3, '2024-04-17', NULL, 46667, 420003, 0, 46667, '0'),
	(124, 11, 3, 4, '2024-05-17', NULL, 46667, 373336, 0, 46667, '0'),
	(125, 11, 3, 5, '2024-06-17', NULL, 46667, 326669, 0, 46667, '0'),
	(126, 11, 3, 6, '2024-07-17', NULL, 46667, 280002, 0, 46667, '0'),
	(127, 11, 3, 7, '2024-08-17', NULL, 46667, 233335, 0, 46667, '0'),
	(128, 11, 3, 8, '2024-09-17', NULL, 46667, 186668, 0, 46667, '0'),
	(129, 11, 3, 9, '2024-10-17', NULL, 46667, 140001, 0, 46667, '0'),
	(130, 11, 3, 10, '2024-11-17', NULL, 46667, 93334, 0, 46667, '0'),
	(131, 11, 3, 11, '2024-12-17', NULL, 46667, 46667, 0, 46667, '0'),
	(132, 11, 3, 12, '2025-01-17', NULL, 46667, 0, 0, 46667, '0'),
	(133, 12, 12, 1, '2024-02-17', NULL, 653333, 7186663, 0, 653333, '0'),
	(134, 12, 12, 2, '2024-03-17', NULL, 653333, 6533330, 0, 653333, '0'),
	(135, 12, 12, 3, '2024-04-17', NULL, 653333, 5879997, 0, 653333, '0'),
	(136, 12, 12, 4, '2024-05-17', NULL, 653333, 5226664, 0, 653333, '0'),
	(137, 12, 12, 5, '2024-06-17', NULL, 653333, 4573331, 0, 653333, '0'),
	(138, 12, 12, 6, '2024-07-17', NULL, 653333, 3919998, 0, 653333, '0'),
	(139, 12, 12, 7, '2024-08-17', NULL, 653333, 3266665, 0, 653333, '0'),
	(140, 12, 12, 8, '2024-09-17', NULL, 653333, 2613332, 0, 653333, '0'),
	(141, 12, 12, 9, '2024-10-17', NULL, 653333, 1959999, 0, 653333, '0'),
	(142, 12, 12, 10, '2024-11-17', NULL, 653333, 1306666, 0, 653333, '0'),
	(143, 12, 12, 11, '2024-12-17', NULL, 653333, 653333, 0, 653333, '0'),
	(144, 12, 12, 12, '2025-01-17', NULL, 653333, 0, 0, 653333, '0'),
	(145, 13, 41, 1, '2024-02-17', NULL, 816667, 8983337, 0, 816667, '0'),
	(146, 13, 41, 2, '2024-03-17', NULL, 816667, 8166670, 0, 816667, '0'),
	(147, 13, 41, 3, '2024-04-17', NULL, 816667, 7350003, 0, 816667, '0'),
	(148, 13, 41, 4, '2024-05-17', NULL, 816667, 6533336, 0, 816667, '0'),
	(149, 13, 41, 5, '2024-06-17', NULL, 816667, 5716669, 0, 816667, '0'),
	(150, 13, 41, 6, '2024-07-17', NULL, 816667, 4900002, 0, 816667, '0'),
	(151, 13, 41, 7, '2024-08-17', NULL, 816667, 4083335, 0, 816667, '0'),
	(152, 13, 41, 8, '2024-09-17', NULL, 816667, 3266668, 0, 816667, '0'),
	(153, 13, 41, 9, '2024-10-17', NULL, 816667, 2450001, 0, 816667, '0'),
	(154, 13, 41, 10, '2024-11-17', NULL, 816667, 1633334, 0, 816667, '0'),
	(155, 13, 41, 11, '2024-12-17', NULL, 816667, 816667, 0, 816667, '0'),
	(156, 13, 41, 12, '2025-01-17', NULL, 816667, 0, 0, 816667, '0'),
	(157, 14, 11, 1, '2024-02-17', NULL, 896000, 9856000, 0, 896000, '0'),
	(158, 14, 11, 2, '2024-03-17', NULL, 896000, 8960000, 0, 896000, '0'),
	(159, 14, 11, 3, '2024-04-17', NULL, 896000, 8064000, 0, 896000, '0'),
	(160, 14, 11, 4, '2024-05-17', NULL, 896000, 7168000, 0, 896000, '0'),
	(161, 14, 11, 5, '2024-06-17', NULL, 896000, 6272000, 0, 896000, '0'),
	(162, 14, 11, 6, '2024-07-17', NULL, 896000, 5376000, 0, 896000, '0'),
	(163, 14, 11, 7, '2024-08-17', NULL, 896000, 4480000, 0, 896000, '0'),
	(164, 14, 11, 8, '2024-09-17', NULL, 896000, 3584000, 0, 896000, '0'),
	(165, 14, 11, 9, '2024-10-17', NULL, 896000, 2688000, 0, 896000, '0'),
	(166, 14, 11, 10, '2024-11-17', NULL, 896000, 1792000, 0, 896000, '0'),
	(167, 14, 11, 11, '2024-12-17', NULL, 896000, 896000, 0, 896000, '0'),
	(168, 14, 11, 12, '2025-01-17', NULL, 896000, 0, 0, 896000, '0'),
	(169, 15, 49, 1, '2024-02-17', NULL, 186667, 2053337, 0, 186667, '0'),
	(170, 15, 49, 2, '2024-03-17', NULL, 186667, 1866670, 0, 186667, '0'),
	(171, 15, 49, 3, '2024-04-17', NULL, 186667, 1680003, 0, 186667, '0'),
	(172, 15, 49, 4, '2024-05-17', NULL, 186667, 1493336, 0, 186667, '0'),
	(173, 15, 49, 5, '2024-06-17', NULL, 186667, 1306669, 0, 186667, '0'),
	(174, 15, 49, 6, '2024-07-17', NULL, 186667, 1120002, 0, 186667, '0'),
	(175, 15, 49, 7, '2024-08-17', NULL, 186667, 933335, 0, 186667, '0'),
	(176, 15, 49, 8, '2024-09-17', NULL, 186667, 746668, 0, 186667, '0'),
	(177, 15, 49, 9, '2024-10-17', NULL, 186667, 560001, 0, 186667, '0'),
	(178, 15, 49, 10, '2024-11-17', NULL, 186667, 373334, 0, 186667, '0'),
	(179, 15, 49, 11, '2024-12-17', NULL, 186667, 186667, 0, 186667, '0'),
	(180, 15, 49, 12, '2025-01-17', NULL, 186667, 0, 0, 186667, '0'),
	(181, 16, 45, 1, '2024-02-17', NULL, 280000, 3080000, 0, 280000, '0'),
	(182, 16, 45, 2, '2024-03-17', NULL, 280000, 2800000, 0, 280000, '0'),
	(183, 16, 45, 3, '2024-04-17', NULL, 280000, 2520000, 0, 280000, '0'),
	(184, 16, 45, 4, '2024-05-17', NULL, 280000, 2240000, 0, 280000, '0'),
	(185, 16, 45, 5, '2024-06-17', NULL, 280000, 1960000, 0, 280000, '0'),
	(186, 16, 45, 6, '2024-07-17', NULL, 280000, 1680000, 0, 280000, '0'),
	(187, 16, 45, 7, '2024-08-17', NULL, 280000, 1400000, 0, 280000, '0'),
	(188, 16, 45, 8, '2024-09-17', NULL, 280000, 1120000, 0, 280000, '0'),
	(189, 16, 45, 9, '2024-10-17', NULL, 280000, 840000, 0, 280000, '0'),
	(190, 16, 45, 10, '2024-11-17', NULL, 280000, 560000, 0, 280000, '0'),
	(191, 16, 45, 11, '2024-12-17', NULL, 280000, 280000, 0, 280000, '0'),
	(192, 16, 45, 12, '2025-01-17', NULL, 280000, 0, 0, 280000, '0'),
	(193, 17, 10, 1, '2024-02-17', NULL, 186667, 2053337, 0, 186667, '0'),
	(194, 17, 10, 2, '2024-03-17', NULL, 186667, 1866670, 0, 186667, '0'),
	(195, 17, 10, 3, '2024-04-17', NULL, 186667, 1680003, 0, 186667, '0'),
	(196, 17, 10, 4, '2024-05-17', NULL, 186667, 1493336, 0, 186667, '0'),
	(197, 17, 10, 5, '2024-06-17', NULL, 186667, 1306669, 0, 186667, '0'),
	(198, 17, 10, 6, '2024-07-17', NULL, 186667, 1120002, 0, 186667, '0'),
	(199, 17, 10, 7, '2024-08-17', NULL, 186667, 933335, 0, 186667, '0'),
	(200, 17, 10, 8, '2024-09-17', NULL, 186667, 746668, 0, 186667, '0'),
	(201, 17, 10, 9, '2024-10-17', NULL, 186667, 560001, 0, 186667, '0'),
	(202, 17, 10, 10, '2024-11-17', NULL, 186667, 373334, 0, 186667, '0'),
	(203, 17, 10, 11, '2024-12-17', NULL, 186667, 186667, 0, 186667, '0'),
	(204, 17, 10, 12, '2025-01-17', NULL, 186667, 0, 0, 186667, '0'),
	(205, 18, 40, 1, '2024-02-17', NULL, 1750000, 19250000, 0, 1750000, '0'),
	(206, 18, 40, 2, '2024-03-17', NULL, 1750000, 17500000, 0, 1750000, '0'),
	(207, 18, 40, 3, '2024-04-17', NULL, 1750000, 15750000, 0, 1750000, '0'),
	(208, 18, 40, 4, '2024-05-17', NULL, 1750000, 14000000, 0, 1750000, '0'),
	(209, 18, 40, 5, '2024-06-17', NULL, 1750000, 12250000, 0, 1750000, '0'),
	(210, 18, 40, 6, '2024-07-17', NULL, 1750000, 10500000, 0, 1750000, '0'),
	(211, 18, 40, 7, '2024-08-17', NULL, 1750000, 8750000, 0, 1750000, '0'),
	(212, 18, 40, 8, '2024-09-17', NULL, 1750000, 7000000, 0, 1750000, '0'),
	(213, 18, 40, 9, '2024-10-17', NULL, 1750000, 5250000, 0, 1750000, '0'),
	(214, 18, 40, 10, '2024-11-17', NULL, 1750000, 3500000, 0, 1750000, '0'),
	(215, 18, 40, 11, '2024-12-17', NULL, 1750000, 1750000, 0, 1750000, '0'),
	(216, 18, 40, 12, '2025-01-17', NULL, 1750000, 0, 0, 1750000, '0'),
	(217, 19, 58, 1, '2024-02-17', NULL, 186667, 2053337, 0, 186667, '0'),
	(218, 19, 58, 2, '2024-03-17', NULL, 186667, 1866670, 0, 186667, '0'),
	(219, 19, 58, 3, '2024-04-17', NULL, 186667, 1680003, 0, 186667, '0'),
	(220, 19, 58, 4, '2024-05-17', NULL, 186667, 1493336, 0, 186667, '0'),
	(221, 19, 58, 5, '2024-06-17', NULL, 186667, 1306669, 0, 186667, '0'),
	(222, 19, 58, 6, '2024-07-17', NULL, 186667, 1120002, 0, 186667, '0'),
	(223, 19, 58, 7, '2024-08-17', NULL, 186667, 933335, 0, 186667, '0'),
	(224, 19, 58, 8, '2024-09-17', NULL, 186667, 746668, 0, 186667, '0'),
	(225, 19, 58, 9, '2024-10-17', NULL, 186667, 560001, 0, 186667, '0'),
	(226, 19, 58, 10, '2024-11-17', NULL, 186667, 373334, 0, 186667, '0'),
	(227, 19, 58, 11, '2024-12-17', NULL, 186667, 186667, 0, 186667, '0'),
	(228, 19, 58, 12, '2025-01-17', NULL, 186667, 0, 0, 186667, '0'),
	(229, 20, 39, 1, '2024-02-17', NULL, 560000, 6160000, 0, 560000, '0'),
	(230, 20, 39, 2, '2024-03-17', NULL, 560000, 5600000, 0, 560000, '0'),
	(231, 20, 39, 3, '2024-04-17', NULL, 560000, 5040000, 0, 560000, '0'),
	(232, 20, 39, 4, '2024-05-17', NULL, 560000, 4480000, 0, 560000, '0'),
	(233, 20, 39, 5, '2024-06-17', NULL, 560000, 3920000, 0, 560000, '0'),
	(234, 20, 39, 6, '2024-07-17', NULL, 560000, 3360000, 0, 560000, '0'),
	(235, 20, 39, 7, '2024-08-17', NULL, 560000, 2800000, 0, 560000, '0'),
	(236, 20, 39, 8, '2024-09-17', NULL, 560000, 2240000, 0, 560000, '0'),
	(237, 20, 39, 9, '2024-10-17', NULL, 560000, 1680000, 0, 560000, '0'),
	(238, 20, 39, 10, '2024-11-17', NULL, 560000, 1120000, 0, 560000, '0'),
	(239, 20, 39, 11, '2024-12-17', NULL, 560000, 560000, 0, 560000, '0'),
	(240, 20, 39, 12, '2025-01-17', NULL, 560000, 0, 0, 560000, '0'),
	(241, 21, 26, 1, '2024-02-17', NULL, 840000, 9240000, 0, 840000, '0'),
	(242, 21, 26, 2, '2024-03-17', NULL, 840000, 8400000, 0, 840000, '0'),
	(243, 21, 26, 3, '2024-04-17', NULL, 840000, 7560000, 0, 840000, '0'),
	(244, 21, 26, 4, '2024-05-17', NULL, 840000, 6720000, 0, 840000, '0'),
	(245, 21, 26, 5, '2024-06-17', NULL, 840000, 5880000, 0, 840000, '0'),
	(246, 21, 26, 6, '2024-07-17', NULL, 840000, 5040000, 0, 840000, '0'),
	(247, 21, 26, 7, '2024-08-17', NULL, 840000, 4200000, 0, 840000, '0'),
	(248, 21, 26, 8, '2024-09-17', NULL, 840000, 3360000, 0, 840000, '0'),
	(249, 21, 26, 9, '2024-10-17', NULL, 840000, 2520000, 0, 840000, '0'),
	(250, 21, 26, 10, '2024-11-17', NULL, 840000, 1680000, 0, 840000, '0'),
	(251, 21, 26, 11, '2024-12-17', NULL, 840000, 840000, 0, 840000, '0'),
	(252, 21, 26, 12, '2025-01-17', NULL, 840000, 0, 0, 840000, '0'),
	(253, 22, 16, 1, '2024-02-17', NULL, 933333, 10266663, 0, 933333, '0'),
	(254, 22, 16, 2, '2024-03-17', NULL, 933333, 9333330, 0, 933333, '0'),
	(255, 22, 16, 3, '2024-04-17', NULL, 933333, 8399997, 0, 933333, '0'),
	(256, 22, 16, 4, '2024-05-17', NULL, 933333, 7466664, 0, 933333, '0'),
	(257, 22, 16, 5, '2024-06-17', NULL, 933333, 6533331, 0, 933333, '0'),
	(258, 22, 16, 6, '2024-07-17', NULL, 933333, 5599998, 0, 933333, '0'),
	(259, 22, 16, 7, '2024-08-17', NULL, 933333, 4666665, 0, 933333, '0'),
	(260, 22, 16, 8, '2024-09-17', NULL, 933333, 3733332, 0, 933333, '0'),
	(261, 22, 16, 9, '2024-10-17', NULL, 933333, 2799999, 0, 933333, '0'),
	(262, 22, 16, 10, '2024-11-17', NULL, 933333, 1866666, 0, 933333, '0'),
	(263, 22, 16, 11, '2024-12-17', NULL, 933333, 933333, 0, 933333, '0'),
	(264, 22, 16, 12, '2025-01-17', NULL, 933333, 0, 0, 933333, '0'),
	(265, 23, 80, 1, '2024-02-17', NULL, 373333, 4106663, 0, 373333, '0'),
	(266, 23, 80, 2, '2024-03-17', NULL, 373333, 3733330, 0, 373333, '0'),
	(267, 23, 80, 3, '2024-04-17', NULL, 373333, 3359997, 0, 373333, '0'),
	(268, 23, 80, 4, '2024-05-17', NULL, 373333, 2986664, 0, 373333, '0'),
	(269, 23, 80, 5, '2024-06-17', NULL, 373333, 2613331, 0, 373333, '0'),
	(270, 23, 80, 6, '2024-07-17', NULL, 373333, 2239998, 0, 373333, '0'),
	(271, 23, 80, 7, '2024-08-17', NULL, 373333, 1866665, 0, 373333, '0'),
	(272, 23, 80, 8, '2024-09-17', NULL, 373333, 1493332, 0, 373333, '0'),
	(273, 23, 80, 9, '2024-10-17', NULL, 373333, 1119999, 0, 373333, '0'),
	(274, 23, 80, 10, '2024-11-17', NULL, 373333, 746666, 0, 373333, '0'),
	(275, 23, 80, 11, '2024-12-17', NULL, 373333, 373333, 0, 373333, '0'),
	(276, 23, 80, 12, '2025-01-17', NULL, 373333, 0, 0, 373333, '0'),
	(277, 24, 81, 1, '2024-02-17', NULL, 373333, 4106663, 0, 373333, '0'),
	(278, 24, 81, 2, '2024-03-17', NULL, 373333, 3733330, 0, 373333, '0'),
	(279, 24, 81, 3, '2024-04-17', NULL, 373333, 3359997, 0, 373333, '0'),
	(280, 24, 81, 4, '2024-05-17', NULL, 373333, 2986664, 0, 373333, '0'),
	(281, 24, 81, 5, '2024-06-17', NULL, 373333, 2613331, 0, 373333, '0'),
	(282, 24, 81, 6, '2024-07-17', NULL, 373333, 2239998, 0, 373333, '0'),
	(283, 24, 81, 7, '2024-08-17', NULL, 373333, 1866665, 0, 373333, '0'),
	(284, 24, 81, 8, '2024-09-17', NULL, 373333, 1493332, 0, 373333, '0'),
	(285, 24, 81, 9, '2024-10-17', NULL, 373333, 1119999, 0, 373333, '0'),
	(286, 24, 81, 10, '2024-11-17', NULL, 373333, 746666, 0, 373333, '0'),
	(287, 24, 81, 11, '2024-12-17', NULL, 373333, 373333, 0, 373333, '0'),
	(288, 24, 81, 12, '2025-01-17', NULL, 373333, 0, 0, 373333, '0'),
	(289, 25, 85, 1, '2024-02-17', NULL, 373333, 4106663, 0, 373333, '0'),
	(290, 25, 85, 2, '2024-03-17', NULL, 373333, 3733330, 0, 373333, '0'),
	(291, 25, 85, 3, '2024-04-17', NULL, 373333, 3359997, 0, 373333, '0'),
	(292, 25, 85, 4, '2024-05-17', NULL, 373333, 2986664, 0, 373333, '0'),
	(293, 25, 85, 5, '2024-06-17', NULL, 373333, 2613331, 0, 373333, '0'),
	(294, 25, 85, 6, '2024-07-17', NULL, 373333, 2239998, 0, 373333, '0'),
	(295, 25, 85, 7, '2024-08-17', NULL, 373333, 1866665, 0, 373333, '0'),
	(296, 25, 85, 8, '2024-09-17', NULL, 373333, 1493332, 0, 373333, '0'),
	(297, 25, 85, 9, '2024-10-17', NULL, 373333, 1119999, 0, 373333, '0'),
	(298, 25, 85, 10, '2024-11-17', NULL, 373333, 746666, 0, 373333, '0'),
	(299, 25, 85, 11, '2024-12-17', NULL, 373333, 373333, 0, 373333, '0'),
	(300, 25, 85, 12, '2025-01-17', NULL, 373333, 0, 0, 373333, '0'),
	(301, 26, 90, 1, '2024-02-17', NULL, 373333, 4106663, 0, 373333, '0'),
	(302, 26, 90, 2, '2024-03-17', NULL, 373333, 3733330, 0, 373333, '0'),
	(303, 26, 90, 3, '2024-04-17', NULL, 373333, 3359997, 0, 373333, '0'),
	(304, 26, 90, 4, '2024-05-17', NULL, 373333, 2986664, 0, 373333, '0'),
	(305, 26, 90, 5, '2024-06-17', NULL, 373333, 2613331, 0, 373333, '0'),
	(306, 26, 90, 6, '2024-07-17', NULL, 373333, 2239998, 0, 373333, '0'),
	(307, 26, 90, 7, '2024-08-17', NULL, 373333, 1866665, 0, 373333, '0'),
	(308, 26, 90, 8, '2024-09-17', NULL, 373333, 1493332, 0, 373333, '0'),
	(309, 26, 90, 9, '2024-10-17', NULL, 373333, 1119999, 0, 373333, '0'),
	(310, 26, 90, 10, '2024-11-17', NULL, 373333, 746666, 0, 373333, '0'),
	(311, 26, 90, 11, '2024-12-17', NULL, 373333, 373333, 0, 373333, '0'),
	(312, 26, 90, 12, '2025-01-17', NULL, 373333, 0, 0, 373333, '0'),
	(313, 27, 95, 1, '2024-02-17', NULL, 186667, 2053337, 0, 186667, '0'),
	(314, 27, 95, 2, '2024-03-17', NULL, 186667, 1866670, 0, 186667, '0'),
	(315, 27, 95, 3, '2024-04-17', NULL, 186667, 1680003, 0, 186667, '0'),
	(316, 27, 95, 4, '2024-05-17', NULL, 186667, 1493336, 0, 186667, '0'),
	(317, 27, 95, 5, '2024-06-17', NULL, 186667, 1306669, 0, 186667, '0'),
	(318, 27, 95, 6, '2024-07-17', NULL, 186667, 1120002, 0, 186667, '0'),
	(319, 27, 95, 7, '2024-08-17', NULL, 186667, 933335, 0, 186667, '0'),
	(320, 27, 95, 8, '2024-09-17', NULL, 186667, 746668, 0, 186667, '0'),
	(321, 27, 95, 9, '2024-10-17', NULL, 186667, 560001, 0, 186667, '0'),
	(322, 27, 95, 10, '2024-11-17', NULL, 186667, 373334, 0, 186667, '0'),
	(323, 27, 95, 11, '2024-12-17', NULL, 186667, 186667, 0, 186667, '0'),
	(324, 27, 95, 12, '2025-01-17', NULL, 186667, 0, 0, 186667, '0'),
	(325, 28, 96, 1, '2024-02-17', NULL, 377067, 4147737, 0, 377067, '0'),
	(326, 28, 96, 2, '2024-03-17', NULL, 377067, 3770670, 0, 377067, '0'),
	(327, 28, 96, 3, '2024-04-17', NULL, 377067, 3393603, 0, 377067, '0'),
	(328, 28, 96, 4, '2024-05-17', NULL, 377067, 3016536, 0, 377067, '0'),
	(329, 28, 96, 5, '2024-06-17', NULL, 377067, 2639469, 0, 377067, '0'),
	(330, 28, 96, 6, '2024-07-17', NULL, 377067, 2262402, 0, 377067, '0'),
	(331, 28, 96, 7, '2024-08-17', NULL, 377067, 1885335, 0, 377067, '0'),
	(332, 28, 96, 8, '2024-09-17', NULL, 377067, 1508268, 0, 377067, '0'),
	(333, 28, 96, 9, '2024-10-17', NULL, 377067, 1131201, 0, 377067, '0'),
	(334, 28, 96, 10, '2024-11-17', NULL, 377067, 754134, 0, 377067, '0'),
	(335, 28, 96, 11, '2024-12-17', NULL, 377067, 377067, 0, 377067, '0'),
	(336, 28, 96, 12, '2025-01-17', NULL, 377067, 0, 0, 377067, '0'),
	(337, 29, 98, 1, '2024-02-17', NULL, 560000, 6160000, 0, 560000, '0'),
	(338, 29, 98, 2, '2024-03-17', NULL, 560000, 5600000, 0, 560000, '0'),
	(339, 29, 98, 3, '2024-04-17', NULL, 560000, 5040000, 0, 560000, '0'),
	(340, 29, 98, 4, '2024-05-17', NULL, 560000, 4480000, 0, 560000, '0'),
	(341, 29, 98, 5, '2024-06-17', NULL, 560000, 3920000, 0, 560000, '0'),
	(342, 29, 98, 6, '2024-07-17', NULL, 560000, 3360000, 0, 560000, '0'),
	(343, 29, 98, 7, '2024-08-17', NULL, 560000, 2800000, 0, 560000, '0'),
	(344, 29, 98, 8, '2024-09-17', NULL, 560000, 2240000, 0, 560000, '0'),
	(345, 29, 98, 9, '2024-10-17', NULL, 560000, 1680000, 0, 560000, '0'),
	(346, 29, 98, 10, '2024-11-17', NULL, 560000, 1120000, 0, 560000, '0'),
	(347, 29, 98, 11, '2024-12-17', NULL, 560000, 560000, 0, 560000, '0'),
	(348, 29, 98, 12, '2025-01-17', NULL, 560000, 0, 0, 560000, '0'),
	(349, 30, 101, 1, '2024-02-17', NULL, 373333, 4106663, 0, 373333, '0'),
	(350, 30, 101, 2, '2024-03-17', NULL, 373333, 3733330, 0, 373333, '0'),
	(351, 30, 101, 3, '2024-04-17', NULL, 373333, 3359997, 0, 373333, '0'),
	(352, 30, 101, 4, '2024-05-17', NULL, 373333, 2986664, 0, 373333, '0'),
	(353, 30, 101, 5, '2024-06-17', NULL, 373333, 2613331, 0, 373333, '0'),
	(354, 30, 101, 6, '2024-07-17', NULL, 373333, 2239998, 0, 373333, '0'),
	(355, 30, 101, 7, '2024-08-17', NULL, 373333, 1866665, 0, 373333, '0'),
	(356, 30, 101, 8, '2024-09-17', NULL, 373333, 1493332, 0, 373333, '0'),
	(357, 30, 101, 9, '2024-10-17', NULL, 373333, 1119999, 0, 373333, '0'),
	(358, 30, 101, 10, '2024-11-17', NULL, 373333, 746666, 0, 373333, '0'),
	(359, 30, 101, 11, '2024-12-17', NULL, 373333, 373333, 0, 373333, '0'),
	(360, 30, 101, 12, '2025-01-17', NULL, 373333, 0, 0, 373333, '0'),
	(361, 31, 102, 1, '2024-02-17', NULL, 544600, 5990600, 0, 544600, '0'),
	(362, 31, 102, 2, '2024-03-17', NULL, 544600, 5446000, 0, 544600, '0'),
	(363, 31, 102, 3, '2024-04-17', NULL, 544600, 4901400, 0, 544600, '0'),
	(364, 31, 102, 4, '2024-05-17', NULL, 544600, 4356800, 0, 544600, '0'),
	(365, 31, 102, 5, '2024-06-17', NULL, 544600, 3812200, 0, 544600, '0'),
	(366, 31, 102, 6, '2024-07-17', NULL, 544600, 3267600, 0, 544600, '0'),
	(367, 31, 102, 7, '2024-08-17', NULL, 544600, 2723000, 0, 544600, '0'),
	(368, 31, 102, 8, '2024-09-17', NULL, 544600, 2178400, 0, 544600, '0'),
	(369, 31, 102, 9, '2024-10-17', NULL, 544600, 1633800, 0, 544600, '0'),
	(370, 31, 102, 10, '2024-11-17', NULL, 544600, 1089200, 0, 544600, '0'),
	(371, 31, 102, 11, '2024-12-17', NULL, 544600, 544600, 0, 544600, '0'),
	(372, 31, 102, 12, '2025-01-17', NULL, 544600, 0, 0, 544600, '0'),
	(373, 32, 104, 1, '2024-02-17', NULL, 373333, 4106663, 0, 373333, '0'),
	(374, 32, 104, 2, '2024-03-17', NULL, 373333, 3733330, 0, 373333, '0'),
	(375, 32, 104, 3, '2024-04-17', NULL, 373333, 3359997, 0, 373333, '0'),
	(376, 32, 104, 4, '2024-05-17', NULL, 373333, 2986664, 0, 373333, '0'),
	(377, 32, 104, 5, '2024-06-17', NULL, 373333, 2613331, 0, 373333, '0'),
	(378, 32, 104, 6, '2024-07-17', NULL, 373333, 2239998, 0, 373333, '0'),
	(379, 32, 104, 7, '2024-08-17', NULL, 373333, 1866665, 0, 373333, '0'),
	(380, 32, 104, 8, '2024-09-17', NULL, 373333, 1493332, 0, 373333, '0'),
	(381, 32, 104, 9, '2024-10-17', NULL, 373333, 1119999, 0, 373333, '0'),
	(382, 32, 104, 10, '2024-11-17', NULL, 373333, 746666, 0, 373333, '0'),
	(383, 32, 104, 11, '2024-12-17', NULL, 373333, 373333, 0, 373333, '0'),
	(384, 32, 104, 12, '2025-01-17', NULL, 373333, 0, 0, 373333, '0'),
	(385, 33, 105, 1, '2024-02-17', NULL, 350000, 3850000, 0, 350000, '0'),
	(386, 33, 105, 2, '2024-03-17', NULL, 350000, 3500000, 0, 350000, '0'),
	(387, 33, 105, 3, '2024-04-17', NULL, 350000, 3150000, 0, 350000, '0'),
	(388, 33, 105, 4, '2024-05-17', NULL, 350000, 2800000, 0, 350000, '0'),
	(389, 33, 105, 5, '2024-06-17', NULL, 350000, 2450000, 0, 350000, '0'),
	(390, 33, 105, 6, '2024-07-17', NULL, 350000, 2100000, 0, 350000, '0'),
	(391, 33, 105, 7, '2024-08-17', NULL, 350000, 1750000, 0, 350000, '0'),
	(392, 33, 105, 8, '2024-09-17', NULL, 350000, 1400000, 0, 350000, '0'),
	(393, 33, 105, 9, '2024-10-17', NULL, 350000, 1050000, 0, 350000, '0'),
	(394, 33, 105, 10, '2024-11-17', NULL, 350000, 700000, 0, 350000, '0'),
	(395, 33, 105, 11, '2024-12-17', NULL, 350000, 350000, 0, 350000, '0'),
	(396, 33, 105, 12, '2025-01-17', NULL, 350000, 0, 0, 350000, '0'),
	(397, 34, 108, 1, '2024-02-17', NULL, 149333, 1642663, 0, 149333, '0'),
	(398, 34, 108, 2, '2024-03-17', NULL, 149333, 1493330, 0, 149333, '0'),
	(399, 34, 108, 3, '2024-04-17', NULL, 149333, 1343997, 0, 149333, '0'),
	(400, 34, 108, 4, '2024-05-17', NULL, 149333, 1194664, 0, 149333, '0'),
	(401, 34, 108, 5, '2024-06-17', NULL, 149333, 1045331, 0, 149333, '0'),
	(402, 34, 108, 6, '2024-07-17', NULL, 149333, 895998, 0, 149333, '0'),
	(403, 34, 108, 7, '2024-08-17', NULL, 149333, 746665, 0, 149333, '0'),
	(404, 34, 108, 8, '2024-09-17', NULL, 149333, 597332, 0, 149333, '0'),
	(405, 34, 108, 9, '2024-10-17', NULL, 149333, 447999, 0, 149333, '0'),
	(406, 34, 108, 10, '2024-11-17', NULL, 149333, 298666, 0, 149333, '0'),
	(407, 34, 108, 11, '2024-12-17', NULL, 149333, 149333, 0, 149333, '0'),
	(408, 34, 108, 12, '2025-01-17', NULL, 149333, 0, 0, 149333, '0'),
	(409, 35, 172, 1, '2024-02-17', NULL, 400400, 4404400, 0, 400400, '0'),
	(410, 35, 172, 2, '2024-03-17', NULL, 400400, 4004000, 0, 400400, '0'),
	(411, 35, 172, 3, '2024-04-17', NULL, 400400, 3603600, 0, 400400, '0'),
	(412, 35, 172, 4, '2024-05-17', NULL, 400400, 3203200, 0, 400400, '0'),
	(413, 35, 172, 5, '2024-06-17', NULL, 400400, 2802800, 0, 400400, '0'),
	(414, 35, 172, 6, '2024-07-17', NULL, 400400, 2402400, 0, 400400, '0'),
	(415, 35, 172, 7, '2024-08-17', NULL, 400400, 2002000, 0, 400400, '0'),
	(416, 35, 172, 8, '2024-09-17', NULL, 400400, 1601600, 0, 400400, '0'),
	(417, 35, 172, 9, '2024-10-17', NULL, 400400, 1201200, 0, 400400, '0'),
	(418, 35, 172, 10, '2024-11-17', NULL, 400400, 800800, 0, 400400, '0'),
	(419, 35, 172, 11, '2024-12-17', NULL, 400400, 400400, 0, 400400, '0'),
	(420, 35, 172, 12, '2025-01-17', NULL, 400400, 0, 0, 400400, '0'),
	(421, 36, 111, 1, '2024-02-17', NULL, 326667, 3593337, 0, 326667, '0'),
	(422, 36, 111, 2, '2024-03-17', NULL, 326667, 3266670, 0, 326667, '0'),
	(423, 36, 111, 3, '2024-04-17', NULL, 326667, 2940003, 0, 326667, '0'),
	(424, 36, 111, 4, '2024-05-17', NULL, 326667, 2613336, 0, 326667, '0'),
	(425, 36, 111, 5, '2024-06-17', NULL, 326667, 2286669, 0, 326667, '0'),
	(426, 36, 111, 6, '2024-07-17', NULL, 326667, 1960002, 0, 326667, '0'),
	(427, 36, 111, 7, '2024-08-17', NULL, 326667, 1633335, 0, 326667, '0'),
	(428, 36, 111, 8, '2024-09-17', NULL, 326667, 1306668, 0, 326667, '0'),
	(429, 36, 111, 9, '2024-10-17', NULL, 326667, 980001, 0, 326667, '0'),
	(430, 36, 111, 10, '2024-11-17', NULL, 326667, 653334, 0, 326667, '0'),
	(431, 36, 111, 11, '2024-12-17', NULL, 326667, 326667, 0, 326667, '0'),
	(432, 36, 111, 12, '2025-01-17', NULL, 326667, 0, 0, 326667, '0'),
	(433, 37, 115, 1, '2024-02-17', NULL, 466667, 5133337, 0, 466667, '0'),
	(434, 37, 115, 2, '2024-03-17', NULL, 466667, 4666670, 0, 466667, '0'),
	(435, 37, 115, 3, '2024-04-17', NULL, 466667, 4200003, 0, 466667, '0'),
	(436, 37, 115, 4, '2024-05-17', NULL, 466667, 3733336, 0, 466667, '0'),
	(437, 37, 115, 5, '2024-06-17', NULL, 466667, 3266669, 0, 466667, '0'),
	(438, 37, 115, 6, '2024-07-17', NULL, 466667, 2800002, 0, 466667, '0'),
	(439, 37, 115, 7, '2024-08-17', NULL, 466667, 2333335, 0, 466667, '0'),
	(440, 37, 115, 8, '2024-09-17', NULL, 466667, 1866668, 0, 466667, '0'),
	(441, 37, 115, 9, '2024-10-17', NULL, 466667, 1400001, 0, 466667, '0'),
	(442, 37, 115, 10, '2024-11-17', NULL, 466667, 933334, 0, 466667, '0'),
	(443, 37, 115, 11, '2024-12-17', NULL, 466667, 466667, 0, 466667, '0'),
	(444, 37, 115, 12, '2025-01-17', NULL, 466667, 0, 0, 466667, '0'),
	(445, 38, 117, 1, '2024-02-17', NULL, 667333, 7340663, 0, 667333, '0'),
	(446, 38, 117, 2, '2024-03-17', NULL, 667333, 6673330, 0, 667333, '0'),
	(447, 38, 117, 3, '2024-04-17', NULL, 667333, 6005997, 0, 667333, '0'),
	(448, 38, 117, 4, '2024-05-17', NULL, 667333, 5338664, 0, 667333, '0'),
	(449, 38, 117, 5, '2024-06-17', NULL, 667333, 4671331, 0, 667333, '0'),
	(450, 38, 117, 6, '2024-07-17', NULL, 667333, 4003998, 0, 667333, '0'),
	(451, 38, 117, 7, '2024-08-17', NULL, 667333, 3336665, 0, 667333, '0'),
	(452, 38, 117, 8, '2024-09-17', NULL, 667333, 2669332, 0, 667333, '0'),
	(453, 38, 117, 9, '2024-10-17', NULL, 667333, 2001999, 0, 667333, '0'),
	(454, 38, 117, 10, '2024-11-17', NULL, 667333, 1334666, 0, 667333, '0'),
	(455, 38, 117, 11, '2024-12-17', NULL, 667333, 667333, 0, 667333, '0'),
	(456, 38, 117, 12, '2025-01-17', NULL, 667333, 0, 0, 667333, '0'),
	(457, 39, 120, 1, '2024-02-17', NULL, 373333, 4106663, 0, 373333, '0'),
	(458, 39, 120, 2, '2024-03-17', NULL, 373333, 3733330, 0, 373333, '0'),
	(459, 39, 120, 3, '2024-04-17', NULL, 373333, 3359997, 0, 373333, '0'),
	(460, 39, 120, 4, '2024-05-17', NULL, 373333, 2986664, 0, 373333, '0'),
	(461, 39, 120, 5, '2024-06-17', NULL, 373333, 2613331, 0, 373333, '0'),
	(462, 39, 120, 6, '2024-07-17', NULL, 373333, 2239998, 0, 373333, '0'),
	(463, 39, 120, 7, '2024-08-17', NULL, 373333, 1866665, 0, 373333, '0'),
	(464, 39, 120, 8, '2024-09-17', NULL, 373333, 1493332, 0, 373333, '0'),
	(465, 39, 120, 9, '2024-10-17', NULL, 373333, 1119999, 0, 373333, '0'),
	(466, 39, 120, 10, '2024-11-17', NULL, 373333, 746666, 0, 373333, '0'),
	(467, 39, 120, 11, '2024-12-17', NULL, 373333, 373333, 0, 373333, '0'),
	(468, 39, 120, 12, '2025-01-17', NULL, 373333, 0, 0, 373333, '0'),
	(469, 40, 126, 1, '2024-02-17', NULL, 70000, 770000, 0, 70000, '0'),
	(470, 40, 126, 2, '2024-03-17', NULL, 70000, 700000, 0, 70000, '0'),
	(471, 40, 126, 3, '2024-04-17', NULL, 70000, 630000, 0, 70000, '0'),
	(472, 40, 126, 4, '2024-05-17', NULL, 70000, 560000, 0, 70000, '0'),
	(473, 40, 126, 5, '2024-06-17', NULL, 70000, 490000, 0, 70000, '0'),
	(474, 40, 126, 6, '2024-07-17', NULL, 70000, 420000, 0, 70000, '0'),
	(475, 40, 126, 7, '2024-08-17', NULL, 70000, 350000, 0, 70000, '0'),
	(476, 40, 126, 8, '2024-09-17', NULL, 70000, 280000, 0, 70000, '0'),
	(477, 40, 126, 9, '2024-10-17', NULL, 70000, 210000, 0, 70000, '0'),
	(478, 40, 126, 10, '2024-11-17', NULL, 70000, 140000, 0, 70000, '0'),
	(479, 40, 126, 11, '2024-12-17', NULL, 70000, 70000, 0, 70000, '0'),
	(480, 40, 126, 12, '2025-01-17', NULL, 70000, 0, 0, 70000, '0'),
	(481, 41, 136, 1, '2024-02-17', NULL, 980000, 10780000, 0, 980000, '0'),
	(482, 41, 136, 2, '2024-03-17', NULL, 980000, 9800000, 0, 980000, '0'),
	(483, 41, 136, 3, '2024-04-17', NULL, 980000, 8820000, 0, 980000, '0'),
	(484, 41, 136, 4, '2024-05-17', NULL, 980000, 7840000, 0, 980000, '0'),
	(485, 41, 136, 5, '2024-06-17', NULL, 980000, 6860000, 0, 980000, '0'),
	(486, 41, 136, 6, '2024-07-17', NULL, 980000, 5880000, 0, 980000, '0'),
	(487, 41, 136, 7, '2024-08-17', NULL, 980000, 4900000, 0, 980000, '0'),
	(488, 41, 136, 8, '2024-09-17', NULL, 980000, 3920000, 0, 980000, '0'),
	(489, 41, 136, 9, '2024-10-17', NULL, 980000, 2940000, 0, 980000, '0'),
	(490, 41, 136, 10, '2024-11-17', NULL, 980000, 1960000, 0, 980000, '0'),
	(491, 41, 136, 11, '2024-12-17', NULL, 980000, 980000, 0, 980000, '0'),
	(492, 41, 136, 12, '2025-01-17', NULL, 980000, 0, 0, 980000, '0'),
	(493, 42, 141, 1, '2024-02-17', NULL, 350000, 3850000, 0, 350000, '0'),
	(494, 42, 141, 2, '2024-03-17', NULL, 350000, 3500000, 0, 350000, '0'),
	(495, 42, 141, 3, '2024-04-17', NULL, 350000, 3150000, 0, 350000, '0'),
	(496, 42, 141, 4, '2024-05-17', NULL, 350000, 2800000, 0, 350000, '0'),
	(497, 42, 141, 5, '2024-06-17', NULL, 350000, 2450000, 0, 350000, '0'),
	(498, 42, 141, 6, '2024-07-17', NULL, 350000, 2100000, 0, 350000, '0'),
	(499, 42, 141, 7, '2024-08-17', NULL, 350000, 1750000, 0, 350000, '0'),
	(500, 42, 141, 8, '2024-09-17', NULL, 350000, 1400000, 0, 350000, '0'),
	(501, 42, 141, 9, '2024-10-17', NULL, 350000, 1050000, 0, 350000, '0'),
	(502, 42, 141, 10, '2024-11-17', NULL, 350000, 700000, 0, 350000, '0'),
	(503, 42, 141, 11, '2024-12-17', NULL, 350000, 350000, 0, 350000, '0'),
	(504, 42, 141, 12, '2025-01-17', NULL, 350000, 0, 0, 350000, '0'),
	(505, 43, 143, 1, '2024-02-17', NULL, 373333, 4106663, 0, 373333, '0'),
	(506, 43, 143, 2, '2024-03-17', NULL, 373333, 3733330, 0, 373333, '0'),
	(507, 43, 143, 3, '2024-04-17', NULL, 373333, 3359997, 0, 373333, '0'),
	(508, 43, 143, 4, '2024-05-17', NULL, 373333, 2986664, 0, 373333, '0'),
	(509, 43, 143, 5, '2024-06-17', NULL, 373333, 2613331, 0, 373333, '0'),
	(510, 43, 143, 6, '2024-07-17', NULL, 373333, 2239998, 0, 373333, '0'),
	(511, 43, 143, 7, '2024-08-17', NULL, 373333, 1866665, 0, 373333, '0'),
	(512, 43, 143, 8, '2024-09-17', NULL, 373333, 1493332, 0, 373333, '0'),
	(513, 43, 143, 9, '2024-10-17', NULL, 373333, 1119999, 0, 373333, '0'),
	(514, 43, 143, 10, '2024-11-17', NULL, 373333, 746666, 0, 373333, '0'),
	(515, 43, 143, 11, '2024-12-17', NULL, 373333, 373333, 0, 373333, '0'),
	(516, 43, 143, 12, '2025-01-17', NULL, 373333, 0, 0, 373333, '0'),
	(517, 44, 144, 1, '2024-02-17', NULL, 560000, 6160000, 0, 560000, '0'),
	(518, 44, 144, 2, '2024-03-17', NULL, 560000, 5600000, 0, 560000, '0'),
	(519, 44, 144, 3, '2024-04-17', NULL, 560000, 5040000, 0, 560000, '0'),
	(520, 44, 144, 4, '2024-05-17', NULL, 560000, 4480000, 0, 560000, '0'),
	(521, 44, 144, 5, '2024-06-17', NULL, 560000, 3920000, 0, 560000, '0'),
	(522, 44, 144, 6, '2024-07-17', NULL, 560000, 3360000, 0, 560000, '0'),
	(523, 44, 144, 7, '2024-08-17', NULL, 560000, 2800000, 0, 560000, '0'),
	(524, 44, 144, 8, '2024-09-17', NULL, 560000, 2240000, 0, 560000, '0'),
	(525, 44, 144, 9, '2024-10-17', NULL, 560000, 1680000, 0, 560000, '0'),
	(526, 44, 144, 10, '2024-11-17', NULL, 560000, 1120000, 0, 560000, '0'),
	(527, 44, 144, 11, '2024-12-17', NULL, 560000, 560000, 0, 560000, '0'),
	(528, 44, 144, 12, '2025-01-17', NULL, 560000, 0, 0, 560000, '0'),
	(529, 45, 146, 1, '2024-02-17', NULL, 933333, 10266663, 0, 933333, '0'),
	(530, 45, 146, 2, '2024-03-17', NULL, 933333, 9333330, 0, 933333, '0'),
	(531, 45, 146, 3, '2024-04-17', NULL, 933333, 8399997, 0, 933333, '0'),
	(532, 45, 146, 4, '2024-05-17', NULL, 933333, 7466664, 0, 933333, '0'),
	(533, 45, 146, 5, '2024-06-17', NULL, 933333, 6533331, 0, 933333, '0'),
	(534, 45, 146, 6, '2024-07-17', NULL, 933333, 5599998, 0, 933333, '0'),
	(535, 45, 146, 7, '2024-08-17', NULL, 933333, 4666665, 0, 933333, '0'),
	(536, 45, 146, 8, '2024-09-17', NULL, 933333, 3733332, 0, 933333, '0'),
	(537, 45, 146, 9, '2024-10-17', NULL, 933333, 2799999, 0, 933333, '0'),
	(538, 45, 146, 10, '2024-11-17', NULL, 933333, 1866666, 0, 933333, '0'),
	(539, 45, 146, 11, '2024-12-17', NULL, 933333, 933333, 0, 933333, '0'),
	(540, 45, 146, 12, '2025-01-17', NULL, 933333, 0, 0, 933333, '0'),
	(541, 46, 148, 1, '2024-02-17', NULL, 522667, 5749337, 0, 522667, '0'),
	(542, 46, 148, 2, '2024-03-17', NULL, 522667, 5226670, 0, 522667, '0'),
	(543, 46, 148, 3, '2024-04-17', NULL, 522667, 4704003, 0, 522667, '0'),
	(544, 46, 148, 4, '2024-05-17', NULL, 522667, 4181336, 0, 522667, '0'),
	(545, 46, 148, 5, '2024-06-17', NULL, 522667, 3658669, 0, 522667, '0'),
	(546, 46, 148, 6, '2024-07-17', NULL, 522667, 3136002, 0, 522667, '0'),
	(547, 46, 148, 7, '2024-08-17', NULL, 522667, 2613335, 0, 522667, '0'),
	(548, 46, 148, 8, '2024-09-17', NULL, 522667, 2090668, 0, 522667, '0'),
	(549, 46, 148, 9, '2024-10-17', NULL, 522667, 1568001, 0, 522667, '0'),
	(550, 46, 148, 10, '2024-11-17', NULL, 522667, 1045334, 0, 522667, '0'),
	(551, 46, 148, 11, '2024-12-17', NULL, 522667, 522667, 0, 522667, '0'),
	(552, 46, 148, 12, '2025-01-17', NULL, 522667, 0, 0, 522667, '0'),
	(553, 47, 149, 1, '2024-02-17', NULL, 425133, 4676463, 0, 425133, '0'),
	(554, 47, 149, 2, '2024-03-17', NULL, 425133, 4251330, 0, 425133, '0'),
	(555, 47, 149, 3, '2024-04-17', NULL, 425133, 3826197, 0, 425133, '0'),
	(556, 47, 149, 4, '2024-05-17', NULL, 425133, 3401064, 0, 425133, '0'),
	(557, 47, 149, 5, '2024-06-17', NULL, 425133, 2975931, 0, 425133, '0'),
	(558, 47, 149, 6, '2024-07-17', NULL, 425133, 2550798, 0, 425133, '0'),
	(559, 47, 149, 7, '2024-08-17', NULL, 425133, 2125665, 0, 425133, '0'),
	(560, 47, 149, 8, '2024-09-17', NULL, 425133, 1700532, 0, 425133, '0'),
	(561, 47, 149, 9, '2024-10-17', NULL, 425133, 1275399, 0, 425133, '0'),
	(562, 47, 149, 10, '2024-11-17', NULL, 425133, 850266, 0, 425133, '0'),
	(563, 47, 149, 11, '2024-12-17', NULL, 425133, 425133, 0, 425133, '0'),
	(564, 47, 149, 12, '2025-01-17', NULL, 425133, 0, 0, 425133, '0'),
	(565, 48, 150, 1, '2024-02-17', NULL, 630000, 6930000, 0, 630000, '0'),
	(566, 48, 150, 2, '2024-03-17', NULL, 630000, 6300000, 0, 630000, '0'),
	(567, 48, 150, 3, '2024-04-17', NULL, 630000, 5670000, 0, 630000, '0'),
	(568, 48, 150, 4, '2024-05-17', NULL, 630000, 5040000, 0, 630000, '0'),
	(569, 48, 150, 5, '2024-06-17', NULL, 630000, 4410000, 0, 630000, '0'),
	(570, 48, 150, 6, '2024-07-17', NULL, 630000, 3780000, 0, 630000, '0'),
	(571, 48, 150, 7, '2024-08-17', NULL, 630000, 3150000, 0, 630000, '0'),
	(572, 48, 150, 8, '2024-09-17', NULL, 630000, 2520000, 0, 630000, '0'),
	(573, 48, 150, 9, '2024-10-17', NULL, 630000, 1890000, 0, 630000, '0'),
	(574, 48, 150, 10, '2024-11-17', NULL, 630000, 1260000, 0, 630000, '0'),
	(575, 48, 150, 11, '2024-12-17', NULL, 630000, 630000, 0, 630000, '0'),
	(576, 48, 150, 12, '2025-01-17', NULL, 630000, 0, 0, 630000, '0'),
	(577, 49, 147, 1, '2024-02-17', NULL, 373333, 4106663, 0, 373333, '0'),
	(578, 49, 147, 2, '2024-03-17', NULL, 373333, 3733330, 0, 373333, '0'),
	(579, 49, 147, 3, '2024-04-17', NULL, 373333, 3359997, 0, 373333, '0'),
	(580, 49, 147, 4, '2024-05-17', NULL, 373333, 2986664, 0, 373333, '0'),
	(581, 49, 147, 5, '2024-06-17', NULL, 373333, 2613331, 0, 373333, '0'),
	(582, 49, 147, 6, '2024-07-17', NULL, 373333, 2239998, 0, 373333, '0'),
	(583, 49, 147, 7, '2024-08-17', NULL, 373333, 1866665, 0, 373333, '0'),
	(584, 49, 147, 8, '2024-09-17', NULL, 373333, 1493332, 0, 373333, '0'),
	(585, 49, 147, 9, '2024-10-17', NULL, 373333, 1119999, 0, 373333, '0'),
	(586, 49, 147, 10, '2024-11-17', NULL, 373333, 746666, 0, 373333, '0'),
	(587, 49, 147, 11, '2024-12-17', NULL, 373333, 373333, 0, 373333, '0'),
	(588, 49, 147, 12, '2025-01-17', NULL, 373333, 0, 0, 373333, '0'),
	(589, 50, 158, 1, '2024-02-17', NULL, 1120000, 12320000, 0, 1120000, '0'),
	(590, 50, 158, 2, '2024-03-17', NULL, 1120000, 11200000, 0, 1120000, '0'),
	(591, 50, 158, 3, '2024-04-17', NULL, 1120000, 10080000, 0, 1120000, '0'),
	(592, 50, 158, 4, '2024-05-17', NULL, 1120000, 8960000, 0, 1120000, '0'),
	(593, 50, 158, 5, '2024-06-17', NULL, 1120000, 7840000, 0, 1120000, '0'),
	(594, 50, 158, 6, '2024-07-17', NULL, 1120000, 6720000, 0, 1120000, '0'),
	(595, 50, 158, 7, '2024-08-17', NULL, 1120000, 5600000, 0, 1120000, '0'),
	(596, 50, 158, 8, '2024-09-17', NULL, 1120000, 4480000, 0, 1120000, '0'),
	(597, 50, 158, 9, '2024-10-17', NULL, 1120000, 3360000, 0, 1120000, '0'),
	(598, 50, 158, 10, '2024-11-17', NULL, 1120000, 2240000, 0, 1120000, '0'),
	(599, 50, 158, 11, '2024-12-17', NULL, 1120000, 1120000, 0, 1120000, '0'),
	(600, 50, 158, 12, '2025-01-17', NULL, 1120000, 0, 0, 1120000, '0'),
	(601, 51, 156, 1, '2024-02-17', NULL, 653333, 7186663, 0, 653333, '0'),
	(602, 51, 156, 2, '2024-03-17', NULL, 653333, 6533330, 0, 653333, '0'),
	(603, 51, 156, 3, '2024-04-17', NULL, 653333, 5879997, 0, 653333, '0'),
	(604, 51, 156, 4, '2024-05-17', NULL, 653333, 5226664, 0, 653333, '0'),
	(605, 51, 156, 5, '2024-06-17', NULL, 653333, 4573331, 0, 653333, '0'),
	(606, 51, 156, 6, '2024-07-17', NULL, 653333, 3919998, 0, 653333, '0'),
	(607, 51, 156, 7, '2024-08-17', NULL, 653333, 3266665, 0, 653333, '0'),
	(608, 51, 156, 8, '2024-09-17', NULL, 653333, 2613332, 0, 653333, '0'),
	(609, 51, 156, 9, '2024-10-17', NULL, 653333, 1959999, 0, 653333, '0'),
	(610, 51, 156, 10, '2024-11-17', NULL, 653333, 1306666, 0, 653333, '0'),
	(611, 51, 156, 11, '2024-12-17', NULL, 653333, 653333, 0, 653333, '0'),
	(612, 51, 156, 12, '2025-01-17', NULL, 653333, 0, 0, 653333, '0'),
	(613, 52, 153, 1, '2024-02-17', NULL, 373333, 4106663, 0, 373333, '0'),
	(614, 52, 153, 2, '2024-03-17', NULL, 373333, 3733330, 0, 373333, '0'),
	(615, 52, 153, 3, '2024-04-17', NULL, 373333, 3359997, 0, 373333, '0'),
	(616, 52, 153, 4, '2024-05-17', NULL, 373333, 2986664, 0, 373333, '0'),
	(617, 52, 153, 5, '2024-06-17', NULL, 373333, 2613331, 0, 373333, '0'),
	(618, 52, 153, 6, '2024-07-17', NULL, 373333, 2239998, 0, 373333, '0'),
	(619, 52, 153, 7, '2024-08-17', NULL, 373333, 1866665, 0, 373333, '0'),
	(620, 52, 153, 8, '2024-09-17', NULL, 373333, 1493332, 0, 373333, '0'),
	(621, 52, 153, 9, '2024-10-17', NULL, 373333, 1119999, 0, 373333, '0'),
	(622, 52, 153, 10, '2024-11-17', NULL, 373333, 746666, 0, 373333, '0'),
	(623, 52, 153, 11, '2024-12-17', NULL, 373333, 373333, 0, 373333, '0'),
	(624, 52, 153, 12, '2025-01-17', NULL, 373333, 0, 0, 373333, '0'),
	(625, 53, 157, 1, '2024-02-17', NULL, 233333, 2566663, 0, 233333, '0'),
	(626, 53, 157, 2, '2024-03-17', NULL, 233333, 2333330, 0, 233333, '0'),
	(627, 53, 157, 3, '2024-04-17', NULL, 233333, 2099997, 0, 233333, '0'),
	(628, 53, 157, 4, '2024-05-17', NULL, 233333, 1866664, 0, 233333, '0'),
	(629, 53, 157, 5, '2024-06-17', NULL, 233333, 1633331, 0, 233333, '0'),
	(630, 53, 157, 6, '2024-07-17', NULL, 233333, 1399998, 0, 233333, '0'),
	(631, 53, 157, 7, '2024-08-17', NULL, 233333, 1166665, 0, 233333, '0'),
	(632, 53, 157, 8, '2024-09-17', NULL, 233333, 933332, 0, 233333, '0'),
	(633, 53, 157, 9, '2024-10-17', NULL, 233333, 699999, 0, 233333, '0'),
	(634, 53, 157, 10, '2024-11-17', NULL, 233333, 466666, 0, 233333, '0'),
	(635, 53, 157, 11, '2024-12-17', NULL, 233333, 233333, 0, 233333, '0'),
	(636, 53, 157, 12, '2025-01-17', NULL, 233333, 0, 0, 233333, '0'),
	(637, 54, 160, 1, '2024-02-17', NULL, 56000, 616000, 0, 56000, '0'),
	(638, 54, 160, 2, '2024-03-17', NULL, 56000, 560000, 0, 56000, '0'),
	(639, 54, 160, 3, '2024-04-17', NULL, 56000, 504000, 0, 56000, '0'),
	(640, 54, 160, 4, '2024-05-17', NULL, 56000, 448000, 0, 56000, '0'),
	(641, 54, 160, 5, '2024-06-17', NULL, 56000, 392000, 0, 56000, '0'),
	(642, 54, 160, 6, '2024-07-17', NULL, 56000, 336000, 0, 56000, '0'),
	(643, 54, 160, 7, '2024-08-17', NULL, 56000, 280000, 0, 56000, '0'),
	(644, 54, 160, 8, '2024-09-17', NULL, 56000, 224000, 0, 56000, '0'),
	(645, 54, 160, 9, '2024-10-17', NULL, 56000, 168000, 0, 56000, '0'),
	(646, 54, 160, 10, '2024-11-17', NULL, 56000, 112000, 0, 56000, '0'),
	(647, 54, 160, 11, '2024-12-17', NULL, 56000, 56000, 0, 56000, '0'),
	(648, 54, 160, 12, '2025-01-17', NULL, 56000, 0, 0, 56000, '0'),
	(649, 55, 160, 1, '2024-02-17', NULL, 623467, 6858137, 0, 623467, '0'),
	(650, 55, 160, 2, '2024-03-17', NULL, 623467, 6234670, 0, 623467, '0'),
	(651, 55, 160, 3, '2024-04-17', NULL, 623467, 5611203, 0, 623467, '0'),
	(652, 55, 160, 4, '2024-05-17', NULL, 623467, 4987736, 0, 623467, '0'),
	(653, 55, 160, 5, '2024-06-17', NULL, 623467, 4364269, 0, 623467, '0'),
	(654, 55, 160, 6, '2024-07-17', NULL, 623467, 3740802, 0, 623467, '0'),
	(655, 55, 160, 7, '2024-08-17', NULL, 623467, 3117335, 0, 623467, '0'),
	(656, 55, 160, 8, '2024-09-17', NULL, 623467, 2493868, 0, 623467, '0'),
	(657, 55, 160, 9, '2024-10-17', NULL, 623467, 1870401, 0, 623467, '0'),
	(658, 55, 160, 10, '2024-11-17', NULL, 623467, 1246934, 0, 623467, '0'),
	(659, 55, 160, 11, '2024-12-17', NULL, 623467, 623467, 0, 623467, '0'),
	(660, 55, 160, 12, '2025-01-17', NULL, 623467, 0, 0, 623467, '0'),
	(661, 56, 159, 1, '2024-02-17', NULL, 112000, 1232000, 0, 112000, '0'),
	(662, 56, 159, 2, '2024-03-17', NULL, 112000, 1120000, 0, 112000, '0'),
	(663, 56, 159, 3, '2024-04-17', NULL, 112000, 1008000, 0, 112000, '0'),
	(664, 56, 159, 4, '2024-05-17', NULL, 112000, 896000, 0, 112000, '0'),
	(665, 56, 159, 5, '2024-06-17', NULL, 112000, 784000, 0, 112000, '0'),
	(666, 56, 159, 6, '2024-07-17', NULL, 112000, 672000, 0, 112000, '0'),
	(667, 56, 159, 7, '2024-08-17', NULL, 112000, 560000, 0, 112000, '0'),
	(668, 56, 159, 8, '2024-09-17', NULL, 112000, 448000, 0, 112000, '0'),
	(669, 56, 159, 9, '2024-10-17', NULL, 112000, 336000, 0, 112000, '0'),
	(670, 56, 159, 10, '2024-11-17', NULL, 112000, 224000, 0, 112000, '0'),
	(671, 56, 159, 11, '2024-12-17', NULL, 112000, 112000, 0, 112000, '0'),
	(672, 56, 159, 12, '2025-01-17', NULL, 112000, 0, 0, 112000, '0'),
	(673, 57, 167, 1, '2024-02-17', NULL, 409267, 4501937, 0, 409267, '0'),
	(674, 57, 167, 2, '2024-03-17', NULL, 409267, 4092670, 0, 409267, '0'),
	(675, 57, 167, 3, '2024-04-17', NULL, 409267, 3683403, 0, 409267, '0'),
	(676, 57, 167, 4, '2024-05-17', NULL, 409267, 3274136, 0, 409267, '0'),
	(677, 57, 167, 5, '2024-06-17', NULL, 409267, 2864869, 0, 409267, '0'),
	(678, 57, 167, 6, '2024-07-17', NULL, 409267, 2455602, 0, 409267, '0'),
	(679, 57, 167, 7, '2024-08-17', NULL, 409267, 2046335, 0, 409267, '0'),
	(680, 57, 167, 8, '2024-09-17', NULL, 409267, 1637068, 0, 409267, '0'),
	(681, 57, 167, 9, '2024-10-17', NULL, 409267, 1227801, 0, 409267, '0'),
	(682, 57, 167, 10, '2024-11-17', NULL, 409267, 818534, 0, 409267, '0'),
	(683, 57, 167, 11, '2024-12-17', NULL, 409267, 409267, 0, 409267, '0'),
	(684, 57, 167, 12, '2025-01-17', NULL, 409267, 0, 0, 409267, '0'),
	(685, 58, 166, 1, '2024-02-17', NULL, 373333, 4106663, 0, 373333, '0'),
	(686, 58, 166, 2, '2024-03-17', NULL, 373333, 3733330, 0, 373333, '0'),
	(687, 58, 166, 3, '2024-04-17', NULL, 373333, 3359997, 0, 373333, '0'),
	(688, 58, 166, 4, '2024-05-17', NULL, 373333, 2986664, 0, 373333, '0'),
	(689, 58, 166, 5, '2024-06-17', NULL, 373333, 2613331, 0, 373333, '0'),
	(690, 58, 166, 6, '2024-07-17', NULL, 373333, 2239998, 0, 373333, '0'),
	(691, 58, 166, 7, '2024-08-17', NULL, 373333, 1866665, 0, 373333, '0'),
	(692, 58, 166, 8, '2024-09-17', NULL, 373333, 1493332, 0, 373333, '0'),
	(693, 58, 166, 9, '2024-10-17', NULL, 373333, 1119999, 0, 373333, '0'),
	(694, 58, 166, 10, '2024-11-17', NULL, 373333, 746666, 0, 373333, '0'),
	(695, 58, 166, 11, '2024-12-17', NULL, 373333, 373333, 0, 373333, '0'),
	(696, 58, 166, 12, '2025-01-17', NULL, 373333, 0, 0, 373333, '0'),
	(697, 59, 168, 1, '2024-02-17', NULL, 207200, 2279200, 0, 207200, '0'),
	(698, 59, 168, 2, '2024-03-17', NULL, 207200, 2072000, 0, 207200, '0'),
	(699, 59, 168, 3, '2024-04-17', NULL, 207200, 1864800, 0, 207200, '0'),
	(700, 59, 168, 4, '2024-05-17', NULL, 207200, 1657600, 0, 207200, '0'),
	(701, 59, 168, 5, '2024-06-17', NULL, 207200, 1450400, 0, 207200, '0'),
	(702, 59, 168, 6, '2024-07-17', NULL, 207200, 1243200, 0, 207200, '0'),
	(703, 59, 168, 7, '2024-08-17', NULL, 207200, 1036000, 0, 207200, '0'),
	(704, 59, 168, 8, '2024-09-17', NULL, 207200, 828800, 0, 207200, '0'),
	(705, 59, 168, 9, '2024-10-17', NULL, 207200, 621600, 0, 207200, '0'),
	(706, 59, 168, 10, '2024-11-17', NULL, 207200, 414400, 0, 207200, '0'),
	(707, 59, 168, 11, '2024-12-17', NULL, 207200, 207200, 0, 207200, '0'),
	(708, 59, 168, 12, '2025-01-17', NULL, 207200, 0, 0, 207200, '0'),
	(709, 60, 170, 1, '2024-02-17', NULL, 168000, 1848000, 0, 168000, '0'),
	(710, 60, 170, 2, '2024-03-17', NULL, 168000, 1680000, 0, 168000, '0'),
	(711, 60, 170, 3, '2024-04-17', NULL, 168000, 1512000, 0, 168000, '0'),
	(712, 60, 170, 4, '2024-05-17', NULL, 168000, 1344000, 0, 168000, '0'),
	(713, 60, 170, 5, '2024-06-17', NULL, 168000, 1176000, 0, 168000, '0'),
	(714, 60, 170, 6, '2024-07-17', NULL, 168000, 1008000, 0, 168000, '0'),
	(715, 60, 170, 7, '2024-08-17', NULL, 168000, 840000, 0, 168000, '0'),
	(716, 60, 170, 8, '2024-09-17', NULL, 168000, 672000, 0, 168000, '0'),
	(717, 60, 170, 9, '2024-10-17', NULL, 168000, 504000, 0, 168000, '0'),
	(718, 60, 170, 10, '2024-11-17', NULL, 168000, 336000, 0, 168000, '0'),
	(719, 60, 170, 11, '2024-12-17', NULL, 168000, 168000, 0, 168000, '0'),
	(720, 60, 170, 12, '2025-01-17', NULL, 168000, 0, 0, 168000, '0'),
	(721, 61, 173, 1, '2024-02-17', NULL, 466667, 5133337, 0, 466667, '0'),
	(722, 61, 173, 2, '2024-03-17', NULL, 466667, 4666670, 0, 466667, '0'),
	(723, 61, 173, 3, '2024-04-17', NULL, 466667, 4200003, 0, 466667, '0'),
	(724, 61, 173, 4, '2024-05-17', NULL, 466667, 3733336, 0, 466667, '0'),
	(725, 61, 173, 5, '2024-06-17', NULL, 466667, 3266669, 0, 466667, '0'),
	(726, 61, 173, 6, '2024-07-17', NULL, 466667, 2800002, 0, 466667, '0'),
	(727, 61, 173, 7, '2024-08-17', NULL, 466667, 2333335, 0, 466667, '0'),
	(728, 61, 173, 8, '2024-09-17', NULL, 466667, 1866668, 0, 466667, '0'),
	(729, 61, 173, 9, '2024-10-17', NULL, 466667, 1400001, 0, 466667, '0'),
	(730, 61, 173, 10, '2024-11-17', NULL, 466667, 933334, 0, 466667, '0'),
	(731, 61, 173, 11, '2024-12-17', NULL, 466667, 466667, 0, 466667, '0'),
	(732, 61, 173, 12, '2025-01-17', NULL, 466667, 0, 0, 466667, '0');

-- Dumping structure for table db_koperasi3.pinjaman
CREATE TABLE IF NOT EXISTS `pinjaman` (
  `no_pinjaman` int NOT NULL AUTO_INCREMENT,
  `id_anggota` int NOT NULL,
  `pinjaman_pokok` int NOT NULL,
  `bunga` int NOT NULL,
  `tgl_pinjaman` date DEFAULT NULL,
  `jangka_waktu` int NOT NULL,
  `tgl_selesai` date NOT NULL,
  `angsuran` int NOT NULL,
  `keterangan` int NOT NULL DEFAULT '1',
  `status` int DEFAULT '0',
  PRIMARY KEY (`no_pinjaman`),
  KEY `FK_pinjaman_user` (`id_anggota`),
  CONSTRAINT `FK_pinjaman_user` FOREIGN KEY (`id_anggota`) REFERENCES `user` (`id_anggota`)
) ENGINE=InnoDB AUTO_INCREMENT=64 DEFAULT CHARSET=utf8mb4 COLLATE=utf8mb4_0900_ai_ci;

-- Dumping data for table db_koperasi3.pinjaman: ~59 rows (approximately)
INSERT INTO `pinjaman` (`no_pinjaman`, `id_anggota`, `pinjaman_pokok`, `bunga`, `tgl_pinjaman`, `jangka_waktu`, `tgl_selesai`, `angsuran`, `keterangan`, `status`) VALUES
	(1, 2, 18000000, 1, '2024-01-17', 12, '2025-01-17', 1680000, 2, 0),
	(2, 59, 35000000, 1, '2024-01-17', 12, '2025-01-17', 3266667, 2, 0),
	(3, 6, 10000000, 1, '2024-01-17', 12, '2025-01-17', 933333, 2, 0),
	(4, 74, 2000000, 1, '2024-01-17', 12, '2025-01-17', 186667, 2, 0),
	(5, 22, 2850000, 1, '2024-01-17', 12, '2025-01-17', 266000, 2, 0),
	(6, 42, 16500000, 1, '2024-01-17', 12, '2025-01-17', 1540000, 2, 0),
	(7, 17, 26000000, 1, '2024-01-17', 12, '2025-01-17', 2426667, 2, 0),
	(8, 48, 13750000, 1, '2024-01-17', 12, '2025-01-17', 1283333, 2, 0),
	(9, 52, 3750000, 1, '2024-01-17', 12, '2025-01-17', 350000, 2, 0),
	(10, 34, 8660000, 1, '2024-01-17', 12, '2025-01-17', 808267, 2, 0),
	(11, 3, 500000, 1, '2024-01-17', 12, '2025-01-17', 46667, 2, 0),
	(12, 12, 7000000, 1, '2024-01-17', 12, '2025-01-17', 653333, 2, 0),
	(13, 41, 8750000, 1, '2024-01-17', 12, '2025-01-17', 816667, 2, 0),
	(14, 11, 9600000, 1, '2024-01-17', 12, '2025-01-17', 896000, 2, 0),
	(15, 49, 2000000, 1, '2024-01-17', 12, '2025-01-17', 186667, 2, 0),
	(16, 45, 3000000, 1, '2024-01-17', 12, '2025-01-17', 280000, 2, 0),
	(17, 10, 2000000, 1, '2024-01-17', 12, '2025-01-17', 186667, 2, 0),
	(18, 40, 18750000, 1, '2024-01-17', 12, '2025-01-17', 1750000, 2, 0),
	(19, 58, 2000000, 1, '2024-01-17', 12, '2025-01-17', 186667, 2, 0),
	(20, 39, 6000000, 1, '2024-01-17', 12, '2025-01-17', 560000, 2, 0),
	(21, 26, 9000000, 1, '2024-01-17', 12, '2025-01-17', 840000, 2, 0),
	(22, 16, 10000000, 1, '2024-01-17', 12, '2025-01-17', 933333, 2, 0),
	(23, 80, 4000000, 1, '2024-01-17', 12, '2025-01-17', 373333, 2, 0),
	(24, 81, 4000000, 1, '2024-01-17', 12, '2025-01-17', 373333, 2, 0),
	(25, 85, 4000000, 1, '2024-01-17', 12, '2025-01-17', 373333, 2, 0),
	(26, 90, 4000000, 1, '2024-01-17', 12, '2025-01-17', 373333, 2, 0),
	(27, 95, 2000000, 1, '2024-01-17', 12, '2025-01-17', 186667, 2, 0),
	(28, 96, 4040000, 1, '2024-01-17', 12, '2025-01-17', 377067, 2, 0),
	(29, 98, 6000000, 1, '2024-01-17', 12, '2025-01-17', 560000, 2, 0),
	(30, 101, 4000000, 1, '2024-01-17', 12, '2025-01-17', 373333, 2, 0),
	(31, 102, 5835000, 1, '2024-01-17', 12, '2025-01-17', 544600, 2, 0),
	(32, 104, 4000000, 1, '2024-01-17', 12, '2025-01-17', 373333, 2, 0),
	(33, 105, 3750000, 1, '2024-01-17', 12, '2025-01-17', 350000, 2, 0),
	(34, 108, 1600000, 1, '2024-01-17', 12, '2025-01-17', 149333, 2, 0),
	(35, 172, 4290000, 1, '2024-01-17', 12, '2025-01-17', 400400, 2, 0),
	(36, 111, 3500000, 1, '2024-01-17', 12, '2025-01-17', 326667, 2, 0),
	(37, 115, 5000000, 1, '2024-01-17', 12, '2025-01-17', 466667, 2, 0),
	(38, 117, 7150000, 1, '2024-01-17', 12, '2025-01-17', 667333, 2, 0),
	(39, 120, 4000000, 1, '2024-01-17', 12, '2025-01-17', 373333, 2, 0),
	(40, 126, 750000, 1, '2024-01-17', 12, '2025-01-17', 70000, 2, 0),
	(41, 136, 10500000, 1, '2024-01-17', 12, '2025-01-17', 980000, 2, 0),
	(42, 141, 3750000, 1, '2024-01-17', 12, '2025-01-17', 350000, 2, 0),
	(43, 143, 4000000, 1, '2024-01-17', 12, '2025-01-17', 373333, 2, 0),
	(44, 144, 6000000, 1, '2024-01-17', 12, '2025-01-17', 560000, 2, 0),
	(45, 146, 10000000, 1, '2024-01-17', 12, '2025-01-17', 933333, 2, 0),
	(46, 148, 5600000, 1, '2024-01-17', 12, '2025-01-17', 522667, 2, 0),
	(47, 149, 4555000, 1, '2024-01-17', 12, '2025-01-17', 425133, 2, 0),
	(48, 150, 6750000, 1, '2024-01-17', 12, '2025-01-17', 630000, 2, 0),
	(49, 147, 4000000, 1, '2024-01-17', 12, '2025-01-17', 373333, 2, 0),
	(50, 158, 12000000, 1, '2024-01-17', 12, '2025-01-17', 1120000, 2, 0),
	(51, 156, 7000000, 1, '2024-01-17', 12, '2025-01-17', 653333, 2, 0),
	(52, 153, 4000000, 1, '2024-01-17', 12, '2025-01-17', 373333, 2, 0),
	(53, 157, 2500000, 1, '2024-01-17', 12, '2025-01-17', 233333, 2, 0),
	(54, 160, 600000, 1, '2024-01-17', 12, '2025-01-17', 56000, 2, 0),
	(55, 160, 6680000, 1, '2024-01-17', 12, '2025-01-17', 623467, 2, 0),
	(56, 159, 1200000, 1, '2024-01-17', 12, '2025-01-17', 112000, 2, 0),
	(57, 167, 4385000, 1, '2024-01-17', 12, '2025-01-17', 409267, 2, 0),
	(58, 166, 4000000, 1, '2024-01-17', 12, '2025-01-17', 373333, 2, 0),
	(59, 168, 2220000, 1, '2024-01-17', 12, '2025-01-17', 207200, 2, 0),
	(60, 170, 1800000, 1, '2024-01-17', 12, '2025-01-17', 168000, 2, 0),
	(61, 173, 5000000, 1, '2024-01-17', 12, '2025-01-17', 466667, 2, 0);

-- Dumping structure for table db_koperasi3.simpanan
CREATE TABLE IF NOT EXISTS `simpanan` (
  `no_simpanan` int NOT NULL AUTO_INCREMENT,
  `id_anggota` int NOT NULL,
  `tgl_simpanan` date DEFAULT NULL,
  `simpanan` int DEFAULT NULL,
  `jenis_simpanan` varchar(20) DEFAULT NULL,
  `status` int NOT NULL DEFAULT '1',
  PRIMARY KEY (`no_simpanan`),
  KEY `FK_simpanan_user` (`id_anggota`),
  CONSTRAINT `FK_simpanan_user` FOREIGN KEY (`id_anggota`) REFERENCES `user` (`id_anggota`)
) ENGINE=InnoDB AUTO_INCREMENT=841 DEFAULT CHARSET=utf8mb4 COLLATE=utf8mb4_0900_ai_ci;

-- Dumping data for table db_koperasi3.simpanan: ~781 rows (approximately)
INSERT INTO `simpanan` (`no_simpanan`, `id_anggota`, `tgl_simpanan`, `simpanan`, `jenis_simpanan`, `status`) VALUES
	(1, 3, '2020-12-31', 7640000, 'Simpanan Wajib', 2),
	(2, 3, '2021-12-31', 600000, 'Simpanan Wajib', 2),
	(3, 3, '2022-12-31', 600000, 'Simpanan Wajib', 2),
	(4, 3, '2023-07-31', 250000, 'Simpanan Wajib', 2),
	(5, 3, '2024-01-17', 150000, 'Simpanan Pokok', 2),
	(6, 74, '2023-07-31', 250000, 'Simpanan Wajib', 2),
	(7, 74, '2023-07-31', 150000, 'Simpanan Pokok', 2),
	(8, 74, '2022-12-31', 600000, 'Simpanan Wajib', 2),
	(9, 74, '2021-12-31', 600000, 'Simpanan Wajib', 2),
	(10, 74, '2020-12-31', 650000, 'Simpanan Wajib', 2),
	(11, 5, '2020-12-31', 1050000, 'Simpanan Wajib', 2),
	(12, 5, '2021-12-31', 600000, 'Simpanan Wajib', 2),
	(13, 5, '2022-12-31', 600000, 'Simpanan Wajib', 2),
	(14, 5, '2023-07-31', 250000, 'Simpanan Wajib', 2),
	(15, 5, '2023-07-31', 150000, 'Simpanan Pokok', 2),
	(16, 6, '2023-07-31', 150000, 'Simpanan Pokok', 2),
	(17, 6, '2023-07-31', 250000, 'Simpanan Wajib', 2),
	(18, 6, '2020-12-31', 9075690, 'Simpanan Wajib', 2),
	(19, 6, '2021-12-31', 600000, 'Simpanan Wajib', 2),
	(20, 6, '2022-12-31', 600000, 'Simpanan Wajib', 2),
	(21, 7, '2023-07-31', 100000, 'Simpanan Wajib', 2),
	(22, 7, '2023-07-31', 150000, 'Simpanan Pokok', 2),
	(23, 8, '2020-12-31', 3550000, 'Simpanan Wajib', 2),
	(24, 8, '2021-12-31', 600000, 'Simpanan Wajib', 2),
	(25, 8, '2022-12-31', 600000, 'Simpanan Wajib', 2),
	(26, 8, '2023-07-31', 150000, 'Simpanan Pokok', 2),
	(27, 8, '2023-07-31', 250000, 'Simpanan Wajib', 2),
	(28, 35, '2022-12-31', 600000, 'Simpanan Wajib', 2),
	(29, 35, '2023-07-31', 150000, 'Simpanan Pokok', 2),
	(30, 35, '2023-07-31', 250000, 'Simpanan Pokok', 2),
	(31, 9, '2020-12-31', 7590000, 'Simpanan Wajib', 2),
	(32, 9, '2021-12-31', 600000, 'Simpanan Wajib', 2),
	(33, 9, '2022-12-31', 600000, 'Simpanan Wajib', 2),
	(34, 9, '2023-07-31', 150000, 'Simpanan Pokok', 2),
	(35, 9, '2023-07-31', 250000, 'Simpanan Wajib', 2),
	(36, 10, '2020-12-31', 500000, 'Simpanan Wajib', 2),
	(37, 10, '2021-12-31', 600000, 'Simpanan Wajib', 2),
	(38, 10, '2022-12-31', 600000, 'Simpanan Wajib', 2),
	(39, 10, '2023-07-31', 250000, 'Simpanan Wajib', 2),
	(40, 10, '2023-07-31', 150000, 'Simpanan Pokok', 2),
	(41, 11, '2023-07-31', 150000, 'Simpanan Pokok', 2),
	(42, 11, '2023-07-31', 250000, 'Simpanan Wajib', 2),
	(43, 11, '2020-12-31', 500000, 'Simpanan Wajib', 2),
	(44, 11, '2021-12-31', 600000, 'Simpanan Wajib', 2),
	(45, 11, '2021-12-31', 600000, 'Simpanan Wajib', 2),
	(46, 12, '2020-12-31', 8140000, 'Simpanan Wajib', 2),
	(47, 12, '2021-12-31', 600000, 'Simpanan Wajib', 2),
	(48, 12, '2022-12-31', 600000, 'Simpanan Wajib', 2),
	(49, 12, '2023-07-31', 250000, 'Simpanan Wajib', 2),
	(50, 12, '2023-07-31', 150000, 'Simpanan Pokok', 2),
	(51, 13, '2023-07-31', 150000, 'Simpanan Pokok', 2),
	(52, 13, '2023-07-31', 250000, 'Simpanan Wajib', 2),
	(53, 13, '2020-12-31', 8140000, 'Simpanan Wajib', 2),
	(54, 13, '2021-12-31', 600000, 'Simpanan Wajib', 2),
	(55, 13, '2022-12-31', 600000, 'Simpanan Wajib', 2),
	(56, 36, '2020-12-31', 9350000, 'Simpanan Wajib', 2),
	(57, 36, '2021-12-31', 600000, 'Simpanan Wajib', 2),
	(58, 36, '2022-12-31', 600000, 'Simpanan Wajib', 2),
	(59, 36, '2023-07-31', 250000, 'Simpanan Wajib', 2),
	(60, 36, '2023-07-31', 150000, 'Simpanan Pokok', 2),
	(61, 14, '2023-07-31', 150000, 'Simpanan Pokok', 2),
	(62, 14, '2023-07-31', 250000, 'Simpanan Wajib', 2),
	(63, 14, '2020-12-31', 6950000, 'Simpanan Wajib', 2),
	(64, 14, '2021-12-31', 600000, 'Simpanan Wajib', 2),
	(65, 14, '2021-12-31', 600000, 'Simpanan Wajib', 2),
	(66, 37, '2020-12-31', 8190000, 'Simpanan Wajib', 2),
	(67, 37, '2021-12-31', 600000, 'Simpanan Wajib', 2),
	(68, 37, '2022-12-31', 600000, 'Simpanan Wajib', 2),
	(69, 37, '2023-07-31', 150000, 'Simpanan Pokok', 2),
	(70, 37, '2023-07-31', 250000, 'Simpanan Wajib', 2),
	(71, 15, '2020-12-31', 3650000, 'Simpanan Wajib', 2),
	(72, 15, '2021-12-31', 600000, 'Simpanan Wajib', 2),
	(73, 15, '2022-12-31', 600000, 'Simpanan Wajib', 2),
	(74, 15, '2023-07-31', 150000, 'Simpanan Pokok', 2),
	(75, 15, '2023-07-31', 250000, 'Simpanan Wajib', 2),
	(76, 38, '2023-07-31', 100000, 'Simpanan Wajib', 2),
	(77, 38, '2023-07-31', 150000, 'Simpanan Pokok', 2),
	(78, 39, '2023-07-31', 150000, 'Simpanan Pokok', 2),
	(79, 39, '2023-07-31', 250000, 'Simpanan Wajib', 2),
	(80, 39, '2020-12-31', 9361950, 'Simpanan Wajib', 2),
	(81, 39, '2021-12-31', 600000, 'Simpanan Wajib', 2),
	(82, 39, '2022-12-31', 600000, 'Simpanan Wajib', 2),
	(83, 40, '2020-12-31', 700000, 'Simpanan Wajib', 2),
	(84, 40, '2021-12-31', 600000, 'Simpanan Wajib', 2),
	(85, 40, '2022-12-31', 600000, 'Simpanan Wajib', 2),
	(86, 40, '2023-07-31', 250000, 'Simpanan Wajib', 2),
	(87, 40, '2023-07-31', 150000, 'Simpanan Pokok', 2),
	(88, 16, '2023-07-31', 150000, 'Simpanan Pokok', 2),
	(89, 16, '2023-07-31', 250000, 'Simpanan Wajib', 2),
	(90, 16, '2020-12-31', 8240000, 'Simpanan Wajib', 2),
	(91, 16, '2021-12-31', 600000, 'Simpanan Wajib', 2),
	(92, 16, '2022-12-31', 600000, 'Simpanan Wajib', 2),
	(93, 17, '2020-12-31', 7790000, 'Simpanan Wajib', 2),
	(94, 17, '2021-12-31', 600000, 'Simpanan Wajib', 2),
	(95, 17, '2022-12-31', 600000, 'Simpanan Wajib', 2),
	(96, 17, '2023-07-31', 250000, 'Simpanan Wajib', 2),
	(97, 17, '2023-07-31', 150000, 'Simpanan Pokok', 2),
	(98, 18, '2023-07-31', 150000, 'Simpanan Pokok', 2),
	(99, 18, '2023-07-31', 100000, 'Simpanan Wajib', 2),
	(100, 19, '2020-12-31', 9000000, 'Simpanan Wajib', 2),
	(101, 19, '2021-12-31', 600000, 'Simpanan Wajib', 2),
	(102, 19, '2022-12-31', 600000, 'Simpanan Wajib', 2),
	(103, 19, '2023-07-31', 250000, 'Simpanan Wajib', 2),
	(104, 19, '2023-07-31', 150000, 'Simpanan Pokok', 2),
	(105, 20, '2023-07-31', 150000, 'Simpanan Pokok', 2),
	(106, 20, '2023-07-31', 250000, 'Simpanan Wajib', 2),
	(107, 20, '2020-12-31', 8140000, 'Simpanan Wajib', 2),
	(108, 20, '2021-12-31', 600000, 'Simpanan Wajib', 2),
	(109, 20, '2022-12-31', 600000, 'Simpanan Wajib', 2),
	(110, 41, '2020-12-31', 8870000, 'Simpanan Wajib', 2),
	(111, 41, '2021-12-31', 600000, 'Simpanan Wajib', 2),
	(112, 41, '2022-12-31', 600000, 'Simpanan Wajib', 2),
	(113, 41, '2023-07-31', 250000, 'Simpanan Wajib', 2),
	(114, 41, '2023-07-31', 150000, 'Simpanan Pokok', 2),
	(115, 42, '2023-07-31', 150000, 'Simpanan Pokok', 2),
	(116, 42, '2023-07-31', 250000, 'Simpanan Wajib', 2),
	(117, 42, '2020-12-31', 8190000, 'Simpanan Wajib', 2),
	(118, 42, '2021-12-31', 600000, 'Simpanan Wajib', 2),
	(119, 42, '2022-12-31', 600000, 'Simpanan Wajib', 2),
	(120, 21, '2020-12-31', 400000, 'Simpanan Wajib', 2),
	(121, 21, '2021-12-31', 600000, 'Simpanan Wajib', 2),
	(122, 21, '2022-12-31', 600000, 'Simpanan Wajib', 2),
	(123, 21, '2023-07-31', 250000, 'Simpanan Wajib', 2),
	(124, 21, '2023-07-31', 150000, 'Simpanan Pokok', 2),
	(125, 22, '2023-07-31', 150000, 'Simpanan Pokok', 2),
	(126, 22, '2023-07-31', 250000, 'Simpanan Wajib', 2),
	(127, 22, '2020-12-31', 8190000, 'Simpanan Wajib', 2),
	(128, 22, '2021-12-31', 600000, 'Simpanan Wajib', 2),
	(129, 22, '2022-12-31', 600000, 'Simpanan Wajib', 2),
	(130, 43, '2020-12-31', 1050000, 'Simpanan Wajib', 2),
	(131, 43, '2021-12-31', 600000, 'Simpanan Wajib', 2),
	(132, 43, '2022-12-31', 600000, 'Simpanan Wajib', 2),
	(133, 43, '2023-07-31', 250000, 'Simpanan Wajib', 2),
	(134, 43, '2023-07-31', 150000, 'Simpanan Pokok', 2),
	(135, 44, '2023-07-31', 150000, 'Simpanan Pokok', 2),
	(136, 44, '2023-07-31', 250000, 'Simpanan Wajib', 2),
	(137, 44, '2020-12-31', 450000, 'Simpanan Wajib', 2),
	(138, 44, '2021-12-31', 600000, 'Simpanan Wajib', 2),
	(139, 44, '2022-12-31', 600000, 'Simpanan Wajib', 2),
	(140, 45, '2020-12-31', 9517215, 'Simpanan Wajib', 2),
	(141, 45, '2021-12-31', 600000, 'Simpanan Wajib', 2),
	(142, 45, '2022-12-31', 600000, 'Simpanan Wajib', 2),
	(143, 45, '2023-07-31', 250000, 'Simpanan Wajib', 2),
	(144, 45, '2023-07-31', 150000, 'Simpanan Pokok', 2),
	(145, 23, '2023-07-31', 150000, 'Simpanan Pokok', 2),
	(146, 23, '2023-07-31', 250000, 'Simpanan Wajib', 2),
	(147, 23, '2020-12-31', 1550000, 'Simpanan Wajib', 2),
	(148, 23, '2021-12-31', 600000, 'Simpanan Wajib', 2),
	(149, 23, '2022-12-31', 600000, 'Simpanan Wajib', 2),
	(150, 46, '2020-12-31', 1000000, 'Simpanan Wajib', 2),
	(151, 46, '2021-12-31', 600000, 'Simpanan Wajib', 2),
	(152, 46, '2022-12-31', 600000, 'Simpanan Wajib', 2),
	(153, 46, '2023-07-31', 250000, 'Simpanan Wajib', 2),
	(154, 46, '2023-07-31', 150000, 'Simpanan Pokok', 2),
	(155, 47, '2023-07-31', 150000, 'Simpanan Pokok', 2),
	(156, 47, '2023-07-31', 250000, 'Simpanan Wajib', 2),
	(157, 47, '2020-12-31', 9298520, 'Simpanan Wajib', 2),
	(158, 47, '2021-12-31', 600000, 'Simpanan Wajib', 2),
	(159, 47, '2022-12-31', 600000, 'Simpanan Wajib', 2),
	(160, 48, '2020-12-31', 7140000, 'Simpanan Wajib', 2),
	(161, 48, '2021-12-31', 600000, 'Simpanan Wajib', 2),
	(162, 48, '2022-12-31', 600000, 'Simpanan Wajib', 2),
	(163, 48, '2023-07-31', 250000, 'Simpanan Wajib', 2),
	(164, 48, '2023-07-31', 150000, 'Simpanan Pokok', 2),
	(165, 49, '2023-07-31', 150000, 'Simpanan Pokok', 2),
	(166, 49, '2023-07-31', 250000, 'Simpanan Wajib', 2),
	(167, 49, '2020-12-31', 9426150, 'Simpanan Wajib', 2),
	(168, 49, '2021-12-31', 600000, 'Simpanan Wajib', 2),
	(169, 49, '2022-12-31', 600000, 'Simpanan Wajib', 2),
	(170, 50, '2020-12-31', 8870000, 'Simpanan Wajib', 2),
	(171, 50, '2021-12-31', 600000, 'Simpanan Wajib', 2),
	(172, 50, '2022-12-31', 600000, 'Simpanan Wajib', 2),
	(173, 50, '2023-07-31', 250000, 'Simpanan Wajib', 2),
	(174, 50, '2023-07-31', 150000, 'Simpanan Pokok', 2),
	(175, 23, '2023-07-31', 150000, 'Simpanan Pokok', 2),
	(176, 23, '2023-07-31', 250000, 'Simpanan Wajib', 2),
	(177, 23, '2020-12-31', 1550000, 'Simpanan Wajib', 2),
	(178, 23, '2021-12-31', 600000, 'Simpanan Wajib', 2),
	(179, 23, '2022-12-31', 600000, 'Simpanan Wajib', 2),
	(180, 51, '2020-12-31', 5050000, 'Simpanan Wajib', 2),
	(181, 51, '2021-12-31', 600000, 'Simpanan Wajib', 2),
	(182, 51, '2022-12-31', 600000, 'Simpanan Wajib', 2),
	(183, 51, '2023-07-31', 250000, 'Simpanan Wajib', 2),
	(184, 51, '2023-07-31', 150000, 'Simpanan Pokok', 2),
	(185, 24, '2023-07-31', 150000, 'Simpanan Pokok', 2),
	(186, 24, '2023-07-31', 250000, 'Simpanan Wajib', 2),
	(187, 24, '2020-12-31', 9294850, 'Simpanan Wajib', 2),
	(188, 24, '2021-12-31', 600000, 'Simpanan Wajib', 2),
	(189, 24, '2022-12-31', 600000, 'Simpanan Wajib', 2),
	(190, 52, '2020-12-31', 15690000, 'Simpanan Wajib', 2),
	(191, 52, '2021-12-31', 600000, 'Simpanan Wajib', 2),
	(192, 52, '2022-12-31', 600000, 'Simpanan Wajib', 2),
	(193, 52, '2023-07-31', 250000, 'Simpanan Wajib', 2),
	(194, 52, '2023-07-31', 150000, 'Simpanan Pokok', 2),
	(195, 25, '2023-07-31', 150000, 'Simpanan Pokok', 2),
	(196, 25, '2023-07-31', 100000, 'Simpanan Wajib', 2),
	(197, 53, '2020-12-31', 2250000, 'Simpanan Wajib', 2),
	(198, 53, '2021-12-31', 600000, 'Simpanan Wajib', 2),
	(199, 53, '2022-12-31', 600000, 'Simpanan Wajib', 2),
	(200, 53, '2023-07-31', 250000, 'Simpanan Wajib', 2),
	(201, 53, '2023-07-31', 150000, 'Simpanan Pokok', 2),
	(202, 54, '2023-07-31', 150000, 'Simpanan Pokok', 2),
	(203, 54, '2023-07-31', 250000, 'Simpanan Wajib', 2),
	(204, 54, '2020-12-31', 4150000, 'Simpanan Wajib', 2),
	(205, 54, '2021-12-31', 600000, 'Simpanan Wajib', 2),
	(206, 54, '2022-12-31', 600000, 'Simpanan Wajib', 2),
	(207, 26, '2020-12-31', 9032550, 'Simpanan Wajib', 2),
	(208, 26, '2021-12-31', 600000, 'Simpanan Wajib', 2),
	(209, 26, '2022-12-31', 600000, 'Simpanan Wajib', 2),
	(210, 26, '2023-07-31', 250000, 'Simpanan Wajib', 2),
	(211, 26, '2023-07-31', 150000, 'Simpanan Pokok', 2),
	(212, 27, '2023-07-31', 150000, 'Simpanan Pokok', 2),
	(213, 27, '2023-07-31', 250000, 'Simpanan Wajib', 2),
	(214, 27, '2020-12-31', 9044350, 'Simpanan Wajib', 2),
	(215, 27, '2021-12-31', 600000, 'Simpanan Wajib', 2),
	(216, 27, '2022-12-31', 600000, 'Simpanan Wajib', 2),
	(217, 28, '2020-12-31', 7200000, 'Simpanan Wajib', 2),
	(218, 28, '2021-12-31', 600000, 'Simpanan Wajib', 2),
	(219, 28, '2022-12-31', 600000, 'Simpanan Wajib', 2),
	(220, 28, '2023-07-31', 250000, 'Simpanan Wajib', 2),
	(221, 28, '2023-07-31', 150000, 'Simpanan Pokok', 2),
	(222, 55, '2023-07-31', 150000, 'Simpanan Pokok', 2),
	(223, 55, '2023-07-31', 250000, 'Simpanan Wajib', 2),
	(224, 55, '2020-12-31', 9044350, 'Simpanan Wajib', 2),
	(225, 55, '2021-12-31', 600000, 'Simpanan Wajib', 2),
	(226, 55, '2022-12-31', 600000, 'Simpanan Wajib', 2),
	(227, 56, '2020-12-31', 4350000, 'Simpanan Wajib', 2),
	(228, 56, '2022-12-31', 250000, 'Simpanan Wajib', 2),
	(229, 56, '2023-07-31', 250000, 'Simpanan Wajib', 2),
	(230, 56, '2023-07-31', 150000, 'Simpanan Pokok', 2),
	(231, 4, '2023-07-31', 150000, 'Simpanan Pokok', 2),
	(232, 4, '2023-07-31', 250000, 'Simpanan Wajib', 2),
	(233, 4, '2020-12-31', 4500000, 'Simpanan Wajib', 2),
	(234, 4, '2021-12-31', 600000, 'Simpanan Wajib', 2),
	(235, 4, '2022-12-31', 600000, 'Simpanan Wajib', 2),
	(236, 57, '2020-12-31', 9025880, 'Simpanan Wajib', 2),
	(237, 57, '2021-12-31', 600000, 'Simpanan Wajib', 2),
	(238, 57, '2022-12-31', 600000, 'Simpanan Wajib', 2),
	(239, 57, '2023-07-31', 250000, 'Simpanan Wajib', 2),
	(240, 57, '2023-07-31', 150000, 'Simpanan Pokok', 2),
	(241, 58, '2023-07-31', 150000, 'Simpanan Pokok', 2),
	(242, 58, '2023-07-31', 250000, 'Simpanan Wajib', 2),
	(243, 58, '2021-12-31', 150000, 'Simpanan Wajib', 2),
	(244, 58, '2022-12-31', 600000, 'Simpanan Wajib', 2),
	(245, 2, '2021-12-31', 250000, 'Simpanan Wajib', 2),
	(246, 2, '2022-12-31', 600000, 'Simpanan Wajib', 2),
	(247, 2, '2023-07-31', 250000, 'Simpanan Wajib', 2),
	(248, 2, '2023-07-31', 150000, 'Simpanan Pokok', 2),
	(249, 59, '2023-07-31', 150000, 'Simpanan Pokok', 2),
	(250, 59, '2023-07-31', 250000, 'Simpanan Wajib', 2),
	(251, 59, '2021-12-31', 250000, 'Simpanan Wajib', 2),
	(252, 59, '2022-12-31', 600000, 'Simpanan Wajib', 2),
	(253, 60, '2021-12-31', 200000, 'Simpanan Wajib', 2),
	(254, 60, '2022-12-31', 600000, 'Simpanan Wajib', 2),
	(255, 60, '2023-07-31', 250000, 'Simpanan Wajib', 2),
	(256, 60, '2023-07-31', 150000, 'Simpanan Pokok', 2),
	(257, 29, '2023-07-31', 150000, 'Simpanan Pokok', 2),
	(258, 29, '2023-07-31', 250000, 'Simpanan Wajib', 2),
	(259, 29, '2022-12-31', 600000, 'Simpanan Wajib', 2),
	(260, 29, '2021-12-31', 600000, 'Simpanan Wajib', 2),
	(261, 29, '2020-12-31', 8843750, 'Simpanan Wajib', 2),
	(262, 61, '2022-12-31', 350000, 'Simpanan Wajib', 2),
	(263, 61, '2023-07-31', 250000, 'Simpanan Wajib', 2),
	(264, 61, '2023-07-31', 150000, 'Simpanan Pokok', 2),
	(265, 30, '2023-07-31', 150000, 'Simpanan Pokok', 2),
	(266, 30, '2023-07-31', 250000, 'Simpanan Wajib', 2),
	(267, 30, '2020-12-31', 650000, 'Simpanan Wajib', 2),
	(268, 30, '2021-12-31', 600000, 'Simpanan Wajib', 2),
	(269, 30, '2022-12-31', 600000, 'Simpanan Wajib', 2),
	(270, 62, '2022-12-31', 350000, 'Simpanan Wajib', 2),
	(271, 62, '2023-07-31', 250000, 'Simpanan Wajib', 2),
	(272, 62, '2023-07-31', 150000, 'Simpanan Pokok', 2),
	(273, 63, '2023-07-31', 150000, 'Simpanan Pokok', 2),
	(274, 63, '2023-07-31', 250000, 'Simpanan Wajib', 2),
	(275, 63, '2022-12-31', 350000, 'Simpanan Wajib', 2),
	(276, 64, '2022-12-31', 350000, 'Simpanan Wajib', 2),
	(277, 64, '2023-07-31', 250000, 'Simpanan Wajib', 2),
	(278, 64, '2023-07-31', 150000, 'Simpanan Pokok', 2),
	(279, 65, '2023-07-31', 150000, 'Simpanan Pokok', 2),
	(280, 65, '2023-07-31', 250000, 'Simpanan Wajib', 2),
	(281, 65, '2022-12-31', 350000, 'Simpanan Wajib', 2),
	(282, 31, '2021-12-31', 200000, 'Simpanan Wajib', 2),
	(283, 31, '2022-12-31', 600000, 'Simpanan Wajib', 2),
	(284, 31, '2023-07-31', 250000, 'Simpanan Wajib', 2),
	(285, 31, '2023-07-31', 150000, 'Simpanan Pokok', 2),
	(286, 66, '2023-07-31', 150000, 'Simpanan Pokok', 2),
	(287, 66, '2023-07-31', 250000, 'Simpanan Wajib', 2),
	(288, 66, '2022-12-31', 350000, 'Simpanan Wajib', 2),
	(289, 67, '2022-12-31', 350000, 'Simpanan Wajib', 2),
	(290, 67, '2023-07-31', 250000, 'Simpanan Wajib', 2),
	(291, 67, '2023-07-31', 150000, 'Simpanan Pokok', 2),
	(292, 32, '2023-07-31', 150000, 'Simpanan Pokok', 2),
	(293, 32, '2023-07-31', 100000, 'Simpanan Wajib', 2),
	(294, 33, '2023-07-31', 250000, 'Simpanan Wajib', 2),
	(295, 33, '2023-07-31', 150000, 'Simpanan Pokok', 2),
	(296, 33, '2020-12-31', 9050610, 'Simpanan Wajib', 2),
	(297, 33, '2021-12-31', 600000, 'Simpanan Wajib', 2),
	(298, 33, '2022-12-31', 600000, 'Simpanan Wajib', 2),
	(299, 68, '2022-12-31', 350000, 'Simpanan Wajib', 2),
	(300, 68, '2023-07-31', 250000, 'Simpanan Wajib', 2),
	(301, 68, '2023-07-31', 150000, 'Simpanan Pokok', 2),
	(302, 34, '2023-07-31', 150000, 'Simpanan Pokok', 2),
	(303, 34, '2023-07-31', 250000, 'Simpanan Wajib', 2),
	(304, 34, '2020-12-31', 9053350, 'Simpanan Wajib', 2),
	(305, 34, '2021-12-31', 600000, 'Simpanan Wajib', 2),
	(306, 34, '2022-12-31', 600000, 'Simpanan Wajib', 2),
	(307, 35, '2020-12-31', 800000, 'Simpanan Wajib', 2),
	(308, 35, '2021-12-31', 600000, 'Simpanan Wajib', 2),
	(309, 69, '2022-12-31', 350000, 'Simpanan Wajib', 2),
	(310, 69, '2023-07-31', 250000, 'Simpanan Wajib', 2),
	(311, 69, '2023-07-31', 150000, 'Simpanan Pokok', 2),
	(312, 70, '2022-07-31', 350000, 'Simpanan Wajib', 2),
	(313, 70, '2023-07-31', 250000, 'Simpanan Wajib', 2),
	(314, 70, '2023-07-31', 150000, 'Simpanan Pokok', 2),
	(315, 71, '2023-07-31', 150000, 'Simpanan Pokok', 2),
	(316, 71, '2023-07-31', 250000, 'Simpanan Wajib', 2),
	(317, 71, '2022-12-31', 350000, 'Simpanan Wajib', 2),
	(318, 95, '2023-07-31', 150000, 'Simpanan Pokok', 2),
	(319, 95, '2023-07-31', 250000, 'Simpanan Wajib', 2),
	(320, 96, '2023-07-31', 150000, 'Simpanan Pokok', 2),
	(321, 96, '2023-07-31', 250000, 'Simpanan Wajib', 2),
	(322, 96, '2019-12-31', 2350000, 'Simpanan Wajib', 2),
	(323, 96, '2020-12-31', 550000, 'Simpanan Wajib', 2),
	(324, 96, '2021-12-31', 600000, 'Simpanan Wajib', 2),
	(325, 96, '2022-12-31', 600000, 'Simpanan Wajib', 2),
	(326, 72, '2022-12-31', 350000, 'Simpanan Wajib', 2),
	(327, 72, '2023-07-31', 250000, 'Simpanan Wajib', 2),
	(328, 72, '2023-07-31', 150000, 'Simpanan Pokok', 2),
	(329, 73, '2023-07-31', 150000, 'Simpanan Pokok', 2),
	(330, 73, '2023-07-31', 350000, 'Simpanan Wajib', 2),
	(331, 75, '2023-07-31', 150000, 'Simpanan Pokok', 2),
	(332, 75, '2023-07-31', 250000, 'Simpanan Wajib', 2),
	(333, 75, '2019-12-31', 3100000, 'Simpanan Wajib', 2),
	(334, 75, '2020-12-31', 550000, 'Simpanan Wajib', 2),
	(335, 75, '2021-12-31', 600000, 'Simpanan Wajib', 2),
	(336, 75, '2022-12-31', 600000, 'Simpanan Wajib', 2),
	(337, 97, '2019-12-31', 2420000, 'Simpanan Wajib', 2),
	(338, 97, '2020-12-31', 550000, 'Simpanan Wajib', 2),
	(339, 97, '2021-12-31', 600000, 'Simpanan Wajib', 2),
	(340, 97, '2022-12-31', 600000, 'Simpanan Wajib', 2),
	(341, 97, '2023-07-31', 250000, 'Simpanan Wajib', 2),
	(342, 97, '2023-07-31', 150000, 'Simpanan Pokok', 2),
	(343, 98, '2023-07-31', 150000, 'Simpanan Pokok', 2),
	(344, 98, '2023-07-31', 250000, 'Simpanan Wajib', 2),
	(345, 98, '2019-12-31', 2400000, 'Simpanan Wajib', 2),
	(346, 98, '2020-12-31', 550000, 'Simpanan Wajib', 2),
	(347, 98, '2021-12-31', 600000, 'Simpanan Wajib', 2),
	(348, 98, '2022-12-31', 600000, 'Simpanan Wajib', 2),
	(349, 76, '2019-12-31', 4100000, 'Simpanan Wajib', 2),
	(350, 76, '2020-12-31', 550000, 'Simpanan Wajib', 2),
	(351, 76, '2021-12-31', 600000, 'Simpanan Wajib', 2),
	(352, 76, '2022-12-31', 600000, 'Simpanan Wajib', 2),
	(353, 76, '2023-07-31', 250000, 'Simpanan Wajib', 2),
	(354, 76, '2023-07-31', 150000, 'Simpanan Pokok', 2),
	(355, 77, '2023-07-31', 150000, 'Simpanan Pokok', 2),
	(356, 77, '2023-07-31', 250000, 'Simpanan Wajib', 2),
	(357, 77, '2019-12-31', 3750000, 'Simpanan Wajib', 2),
	(358, 77, '2020-12-31', 550000, 'Simpanan Wajib', 2),
	(359, 77, '2021-12-31', 600000, 'Simpanan Wajib', 2),
	(360, 77, '2022-12-31', 600000, 'Simpanan Wajib', 2),
	(361, 99, '2019-12-31', 4750000, 'Simpanan Wajib', 2),
	(362, 99, '2020-12-31', 550000, 'Simpanan Wajib', 2),
	(363, 99, '2021-12-31', 600000, 'Simpanan Wajib', 2),
	(364, 99, '2022-12-31', 600000, 'Simpanan Wajib', 2),
	(365, 99, '2023-07-31', 250000, 'Simpanan Wajib', 2),
	(366, 99, '2023-07-31', 150000, 'Simpanan Pokok', 2),
	(367, 78, '2023-07-31', 150000, 'Simpanan Pokok', 2),
	(368, 78, '2023-07-31', 250000, 'Simpanan Wajib', 2),
	(369, 78, '2019-12-31', 3750000, 'Simpanan Wajib', 2),
	(370, 78, '2020-12-31', 550000, 'Simpanan Wajib', 2),
	(371, 78, '2021-12-31', 600000, 'Simpanan Wajib', 2),
	(372, 78, '2022-12-31', 600000, 'Simpanan Wajib', 2),
	(373, 79, '2019-12-31', 2250000, 'Simpanan Wajib', 2),
	(374, 79, '2020-12-31', 550000, 'Simpanan Wajib', 2),
	(375, 79, '2021-12-31', 600000, 'Simpanan Wajib', 2),
	(376, 79, '2022-12-31', 600000, 'Simpanan Wajib', 2),
	(377, 79, '2023-07-31', 250000, 'Simpanan Wajib', 2),
	(378, 79, '2023-07-31', 150000, 'Simpanan Pokok', 2),
	(379, 100, '2023-07-31', 150000, 'Simpanan Pokok', 2),
	(380, 100, '2023-07-31', 250000, 'Simpanan Wajib', 2),
	(381, 100, '2019-12-31', 5200000, 'Simpanan Wajib', 2),
	(382, 100, '2020-12-31', 550000, 'Simpanan Wajib', 2),
	(383, 100, '2021-12-31', 600000, 'Simpanan Wajib', 2),
	(384, 100, '2022-12-31', 600000, 'Simpanan Wajib', 2),
	(385, 101, '2019-12-31', 5850000, 'Simpanan Wajib', 2),
	(386, 101, '2020-12-31', 550000, 'Simpanan Wajib', 2),
	(387, 101, '2021-12-31', 600000, 'Simpanan Wajib', 2),
	(388, 101, '2022-12-31', 600000, 'Simpanan Wajib', 2),
	(389, 101, '2023-07-31', 250000, 'Simpanan Wajib', 2),
	(390, 101, '2023-07-31', 150000, 'Simpanan Pokok', 2),
	(391, 102, '2023-07-31', 150000, 'Simpanan Pokok', 2),
	(392, 102, '2023-07-31', 250000, 'Simpanan Wajib', 2),
	(393, 102, '2019-12-31', 4150000, 'Simpanan Wajib', 2),
	(394, 102, '2020-12-31', 550000, 'Simpanan Wajib', 2),
	(395, 102, '2021-12-31', 600000, 'Simpanan Wajib', 2),
	(396, 102, '2022-12-31', 600000, 'Simpanan Wajib', 2),
	(397, 103, '2019-12-31', 3850000, 'Simpanan Wajib', 2),
	(398, 103, '2021-12-31', 600000, 'Simpanan Wajib', 2),
	(399, 103, '2022-12-31', 600000, 'Simpanan Wajib', 2),
	(400, 103, '2020-12-31', 550000, 'Simpanan Wajib', 2),
	(401, 103, '2023-07-31', 250000, 'Simpanan Wajib', 2),
	(402, 103, '2023-07-31', 150000, 'Simpanan Pokok', 2),
	(403, 80, '2023-07-31', 150000, 'Simpanan Pokok', 2),
	(404, 80, '2023-07-31', 250000, 'Simpanan Wajib', 2),
	(405, 80, '2019-12-31', 2400000, 'Simpanan Wajib', 2),
	(406, 80, '2020-12-31', 550000, 'Simpanan Wajib', 2),
	(407, 80, '2021-12-31', 600000, 'Simpanan Wajib', 2),
	(408, 80, '2022-12-31', 600000, 'Simpanan Wajib', 2),
	(409, 104, '2019-12-31', 1750000, 'Simpanan Wajib', 2),
	(410, 104, '2020-12-31', 550000, 'Simpanan Wajib', 2),
	(411, 104, '2022-12-31', 600000, 'Simpanan Wajib', 2),
	(412, 104, '2021-12-31', 600000, 'Simpanan Wajib', 2),
	(413, 104, '2023-07-31', 250000, 'Simpanan Wajib', 2),
	(414, 104, '2023-07-31', 150000, 'Simpanan Pokok', 2),
	(415, 81, '2023-07-31', 150000, 'Simpanan Pokok', 2),
	(416, 81, '2023-07-31', 250000, 'Simpanan Wajib', 2),
	(417, 81, '2019-12-31', 4800000, 'Simpanan Wajib', 2),
	(418, 81, '2020-12-31', 550000, 'Simpanan Wajib', 2),
	(419, 81, '2021-12-31', 600000, 'Simpanan Wajib', 2),
	(420, 81, '2022-12-31', 600000, 'Simpanan Wajib', 2),
	(421, 82, '2019-12-31', 3000000, 'Simpanan Wajib', 2),
	(422, 82, '2020-12-31', 550000, 'Simpanan Wajib', 2),
	(423, 82, '2021-12-31', 600000, 'Simpanan Wajib', 2),
	(424, 82, '2022-12-31', 600000, 'Simpanan Wajib', 2),
	(425, 82, '2023-07-31', 250000, 'Simpanan Wajib', 2),
	(426, 82, '2023-07-31', 150000, 'Simpanan Pokok', 2),
	(427, 83, '2023-07-31', 150000, 'Simpanan Pokok', 2),
	(428, 83, '2023-07-31', 250000, 'Simpanan Wajib', 2),
	(429, 83, '2019-12-31', 4550000, 'Simpanan Wajib', 2),
	(430, 83, '2020-12-31', 550000, 'Simpanan Wajib', 2),
	(431, 83, '2021-12-31', 600000, 'Simpanan Wajib', 2),
	(432, 83, '2022-12-31', 600000, 'Simpanan Wajib', 2),
	(433, 84, '2019-12-31', 5250000, 'Simpanan Wajib', 2),
	(434, 84, '2020-12-31', 550000, 'Simpanan Wajib', 2),
	(435, 84, '2021-12-31', 600000, 'Simpanan Wajib', 2),
	(436, 84, '2022-12-31', 600000, 'Simpanan Wajib', 2),
	(438, 85, '2019-12-31', 4900000, 'Simpanan Wajib', 2),
	(439, 85, '2020-12-31', 550000, 'Simpanan Wajib', 2),
	(440, 85, '2021-12-31', 600000, 'Simpanan Wajib', 2),
	(441, 85, '2022-12-31', 600000, 'Simpanan Wajib', 2),
	(442, 85, '2023-07-31', 250000, 'Simpanan Wajib', 2),
	(443, 85, '2023-07-31', 150000, 'Simpanan Pokok', 2),
	(444, 86, '2023-07-31', 150000, 'Simpanan Pokok', 2),
	(445, 86, '2023-07-31', 250000, 'Simpanan Wajib', 2),
	(446, 86, '2019-12-31', 4400000, 'Simpanan Wajib', 2),
	(447, 86, '2020-12-31', 550000, 'Simpanan Wajib', 2),
	(448, 86, '2021-12-31', 600000, 'Simpanan Wajib', 2),
	(449, 87, '2019-12-31', 4300000, 'Simpanan Wajib', 2),
	(450, 87, '2020-12-31', 550000, 'Simpanan Wajib', 2),
	(451, 87, '2021-12-31', 600000, 'Simpanan Wajib', 2),
	(452, 87, '2022-12-31', 600000, 'Simpanan Wajib', 2),
	(453, 87, '2023-07-31', 250000, 'Simpanan Wajib', 2),
	(454, 87, '2023-07-31', 150000, 'Simpanan Pokok', 2),
	(455, 88, '2023-07-31', 150000, 'Simpanan Pokok', 2),
	(456, 88, '2023-07-31', 250000, 'Simpanan Wajib', 2),
	(457, 88, '2019-12-31', 1950000, 'Simpanan Wajib', 2),
	(458, 88, '2020-12-31', 550000, 'Simpanan Wajib', 2),
	(459, 88, '2021-12-31', 600000, 'Simpanan Wajib', 2),
	(460, 88, '2022-12-31', 600000, 'Simpanan Wajib', 2),
	(461, 89, '2019-12-31', 2850000, 'Simpanan Wajib', 2),
	(462, 89, '2020-12-31', 550000, 'Simpanan Wajib', 2),
	(463, 89, '2021-12-31', 600000, 'Simpanan Wajib', 2),
	(464, 89, '2022-12-31', 600000, 'Simpanan Wajib', 2),
	(465, 89, '2023-07-31', 250000, 'Simpanan Wajib', 2),
	(466, 89, '2023-07-31', 150000, 'Simpanan Pokok', 2),
	(467, 90, '2023-07-31', 150000, 'Simpanan Pokok', 2),
	(468, 90, '2023-07-31', 250000, 'Simpanan Wajib', 2),
	(469, 90, '2019-12-31', 5300000, 'Simpanan Wajib', 2),
	(470, 90, '2020-12-31', 550000, 'Simpanan Wajib', 2),
	(471, 90, '2021-12-31', 600000, 'Simpanan Wajib', 2),
	(472, 90, '2022-12-31', 600000, 'Simpanan Wajib', 2),
	(473, 91, '2019-12-31', 5550000, 'Simpanan Wajib', 2),
	(474, 91, '2020-12-31', 550000, 'Simpanan Wajib', 2),
	(475, 91, '2021-12-31', 600000, 'Simpanan Wajib', 2),
	(476, 91, '2022-12-31', 600000, 'Simpanan Wajib', 2),
	(477, 91, '2023-07-31', 250000, 'Simpanan Wajib', 2),
	(478, 91, '2023-07-31', 150000, 'Simpanan Pokok', 2),
	(479, 92, '2023-07-31', 150000, 'Simpanan Pokok', 2),
	(480, 92, '2023-07-31', 250000, 'Simpanan Wajib', 2),
	(481, 92, '2019-12-31', 2650000, 'Simpanan Wajib', 2),
	(482, 92, '2020-12-31', 550000, 'Simpanan Wajib', 2),
	(483, 92, '2021-12-31', 600000, 'Simpanan Wajib', 2),
	(484, 92, '2022-12-31', 600000, 'Simpanan Wajib', 2),
	(485, 93, '2019-12-31', 6550000, 'Simpanan Wajib', 2),
	(486, 93, '2020-12-31', 550000, 'Simpanan Wajib', 2),
	(487, 93, '2021-12-31', 600000, 'Simpanan Wajib', 2),
	(488, 93, '2022-12-31', 600000, 'Simpanan Wajib', 2),
	(489, 93, '2023-07-31', 250000, 'Simpanan Wajib', 2),
	(490, 93, '2023-07-31', 150000, 'Simpanan Pokok', 2),
	(491, 94, '2023-07-31', 150000, 'Simpanan Pokok', 2),
	(492, 94, '2023-07-31', 250000, 'Simpanan Wajib', 2),
	(493, 94, '2019-07-31', 2900000, 'Simpanan Wajib', 2),
	(494, 94, '2020-12-31', 550000, 'Simpanan Wajib', 2),
	(495, 94, '2021-12-31', 600000, 'Simpanan Wajib', 2),
	(496, 94, '2021-12-31', 600000, 'Simpanan Wajib', 2),
	(497, 95, '2019-12-31', 4300000, 'Simpanan Wajib', 2),
	(498, 95, '2020-12-31', 550000, 'Simpanan Wajib', 2),
	(499, 95, '2021-12-31', 600000, 'Simpanan Wajib', 2),
	(500, 95, '2022-12-31', 600000, 'Simpanan Wajib', 2),
	(501, 105, '2019-12-31', 850000, 'Simpanan Wajib', 2),
	(502, 105, '2020-12-31', 550000, 'Simpanan Wajib', 2),
	(503, 105, '2021-12-31', 600000, 'Simpanan Wajib', 2),
	(504, 105, '2022-12-31', 600000, 'Simpanan Wajib', 2),
	(505, 105, '2023-07-31', 250000, 'Simpanan Wajib', 2),
	(506, 105, '2023-07-31', 150000, 'Simpanan Pokok', 2),
	(507, 106, '2023-07-31', 150000, 'Simpanan Pokok', 2),
	(508, 106, '2023-07-31', 250000, 'Simpanan Wajib', 2),
	(509, 106, '2019-12-31', 5350000, 'Simpanan Wajib', 2),
	(510, 106, '2020-12-31', 550000, 'Simpanan Wajib', 2),
	(511, 106, '2021-12-31', 600000, 'Simpanan Wajib', 2),
	(512, 106, '2022-12-31', 600000, 'Simpanan Wajib', 2),
	(513, 107, '2019-12-31', 4100000, 'Simpanan Wajib', 2),
	(514, 107, '2020-12-31', 550000, 'Simpanan Wajib', 2),
	(515, 107, '2021-12-31', 600000, 'Simpanan Wajib', 2),
	(516, 107, '2022-12-31', 600000, 'Simpanan Wajib', 2),
	(517, 107, '2023-07-31', 250000, 'Simpanan Wajib', 2),
	(518, 107, '2023-07-31', 150000, 'Simpanan Pokok', 2),
	(519, 108, '2023-07-31', 150000, 'Simpanan Pokok', 2),
	(520, 108, '2023-07-31', 250000, 'Simpanan Wajib', 2),
	(521, 108, '2019-12-31', 2000000, 'Simpanan Wajib', 2),
	(522, 108, '2020-12-31', 550000, 'Simpanan Wajib', 2),
	(523, 108, '2021-12-31', 600000, 'Simpanan Wajib', 2),
	(524, 108, '2022-12-31', 600000, 'Simpanan Wajib', 2),
	(525, 109, '2019-12-31', 4600000, 'Simpanan Wajib', 2),
	(526, 109, '2020-12-31', 550000, 'Simpanan Wajib', 2),
	(527, 109, '2021-12-31', 600000, 'Simpanan Wajib', 2),
	(528, 109, '2022-12-31', 600000, 'Simpanan Wajib', 2),
	(529, 109, '2023-07-31', 250000, 'Simpanan Wajib', 2),
	(530, 109, '2023-07-31', 150000, 'Simpanan Pokok', 2),
	(531, 172, '2023-07-31', 150000, 'Simpanan Pokok', 2),
	(532, 172, '2023-07-31', 250000, 'Simpanan Wajib', 2),
	(533, 172, '2019-12-31', 2050000, 'Simpanan Wajib', 2),
	(534, 172, '2020-12-31', 550000, 'Simpanan Wajib', 2),
	(535, 172, '2021-12-31', 600000, 'Simpanan Wajib', 2),
	(536, 110, '2019-12-31', 2450000, 'Simpanan Wajib', 2),
	(537, 110, '2020-12-31', 550000, 'Simpanan Wajib', 2),
	(538, 110, '2021-12-31', 600000, 'Simpanan Wajib', 2),
	(539, 110, '2022-12-31', 600000, 'Simpanan Wajib', 2),
	(540, 110, '2023-07-31', 250000, 'Simpanan Wajib', 2),
	(541, 110, '2023-07-31', 150000, 'Simpanan Pokok', 2),
	(542, 111, '2023-07-31', 150000, 'Simpanan Pokok', 2),
	(543, 111, '2023-07-31', 250000, 'Simpanan Wajib', 2),
	(544, 111, '2019-12-31', 7780000, 'Simpanan Wajib', 2),
	(545, 111, '2020-12-31', 550000, 'Simpanan Wajib', 2),
	(546, 111, '2021-12-31', 600000, 'Simpanan Wajib', 2),
	(547, 111, '2022-12-31', 600000, 'Simpanan Wajib', 2),
	(548, 112, '2019-12-31', 4100000, 'Simpanan Wajib', 2),
	(549, 112, '2020-12-31', 550000, 'Simpanan Wajib', 2),
	(550, 112, '2021-12-31', 600000, 'Simpanan Wajib', 2),
	(551, 112, '2022-12-31', 600000, 'Simpanan Wajib', 2),
	(552, 112, '2023-07-31', 250000, 'Simpanan Wajib', 2),
	(553, 112, '2023-07-31', 150000, 'Simpanan Pokok', 2),
	(554, 113, '2023-07-31', 150000, 'Simpanan Pokok', 2),
	(555, 113, '2023-07-31', 250000, 'Simpanan Wajib', 2),
	(556, 113, '2019-12-31', 1350000, 'Simpanan Wajib', 2),
	(557, 113, '2020-12-31', 550000, 'Simpanan Wajib', 2),
	(558, 113, '2021-12-31', 600000, 'Simpanan Wajib', 2),
	(559, 113, '2022-12-31', 600000, 'Simpanan Wajib', 2),
	(560, 114, '2019-12-31', 5050000, 'Simpanan Wajib', 2),
	(561, 114, '2020-12-31', 550000, 'Simpanan Wajib', 2),
	(562, 114, '2021-12-31', 600000, 'Simpanan Wajib', 2),
	(563, 114, '2022-12-31', 600000, 'Simpanan Wajib', 2),
	(564, 114, '2023-07-31', 250000, 'Simpanan Wajib', 2),
	(565, 114, '2023-07-31', 150000, 'Simpanan Pokok', 2),
	(566, 115, '2023-07-31', 150000, 'Simpanan Pokok', 2),
	(567, 115, '2023-07-31', 250000, 'Simpanan Wajib', 2),
	(568, 115, '2019-12-31', 450000, 'Simpanan Wajib', 2),
	(569, 115, '2020-12-31', 550000, 'Simpanan Wajib', 2),
	(570, 115, '2021-12-31', 600000, 'Simpanan Wajib', 2),
	(571, 115, '2022-12-31', 600000, 'Simpanan Wajib', 2),
	(572, 116, '2019-12-31', 5800000, 'Simpanan Wajib', 2),
	(573, 116, '2020-12-31', 550000, 'Simpanan Wajib', 2),
	(574, 116, '2021-12-31', 600000, 'Simpanan Wajib', 2),
	(575, 116, '2022-12-31', 600000, 'Simpanan Wajib', 2),
	(576, 116, '2023-07-31', 250000, 'Simpanan Wajib', 2),
	(577, 116, '2023-07-31', 150000, 'Simpanan Pokok', 2),
	(578, 117, '2023-07-31', 150000, 'Simpanan Pokok', 2),
	(579, 117, '2023-07-31', 250000, 'Simpanan Wajib', 2),
	(580, 117, '2019-12-31', 4300000, 'Simpanan Wajib', 2),
	(581, 117, '2020-12-31', 550000, 'Simpanan Wajib', 2),
	(582, 117, '2021-12-31', 600000, 'Simpanan Wajib', 2),
	(583, 117, '2022-12-31', 600000, 'Simpanan Wajib', 2),
	(584, 118, '2019-12-31', 3700000, 'Simpanan Wajib', 2),
	(585, 118, '2020-12-31', 550000, 'Simpanan Wajib', 2),
	(586, 118, '2021-12-31', 600000, 'Simpanan Wajib', 2),
	(587, 118, '2022-12-31', 600000, 'Simpanan Wajib', 2),
	(588, 118, '2023-07-31', 250000, 'Simpanan Wajib', 2),
	(589, 118, '2023-07-31', 150000, 'Simpanan Pokok', 2),
	(590, 119, '2023-07-31', 150000, 'Simpanan Pokok', 2),
	(591, 119, '2023-07-31', 250000, 'Simpanan Wajib', 2),
	(592, 119, '2019-12-31', 4830000, 'Simpanan Wajib', 2),
	(593, 119, '2020-12-31', 550000, 'Simpanan Wajib', 2),
	(594, 119, '2021-12-31', 600000, 'Simpanan Wajib', 2),
	(595, 119, '2022-12-31', 600000, 'Simpanan Wajib', 2),
	(596, 120, '2019-12-31', 2950000, 'Simpanan Wajib', 2),
	(597, 120, '2020-12-31', 550000, 'Simpanan Wajib', 2),
	(598, 120, '2021-12-31', 600000, 'Simpanan Wajib', 2),
	(599, 120, '2022-12-31', 600000, 'Simpanan Wajib', 2),
	(600, 120, '2023-07-31', 250000, 'Simpanan Wajib', 2),
	(601, 120, '2023-07-31', 150000, 'Simpanan Pokok', 2),
	(602, 121, '2023-07-31', 150000, 'Simpanan Pokok', 2),
	(603, 121, '2023-07-31', 250000, 'Simpanan Wajib', 2),
	(604, 121, '2019-12-31', 5800000, 'Simpanan Wajib', 2),
	(605, 121, '2020-12-31', 550000, 'Simpanan Wajib', 2),
	(606, 121, '2021-12-31', 600000, 'Simpanan Wajib', 2),
	(607, 121, '2022-12-31', 600000, 'Simpanan Wajib', 2),
	(608, 122, '2019-12-31', 1350000, 'Simpanan Wajib', 2),
	(609, 122, '2020-12-31', 550000, 'Simpanan Wajib', 2),
	(610, 122, '2021-12-31', 600000, 'Simpanan Wajib', 2),
	(611, 122, '2022-12-31', 600000, 'Simpanan Wajib', 2),
	(612, 122, '2023-07-31', 250000, 'Simpanan Wajib', 2),
	(613, 122, '2023-07-31', 150000, 'Simpanan Pokok', 2),
	(614, 123, '2023-07-31', 150000, 'Simpanan Pokok', 2),
	(615, 123, '2023-07-31', 250000, 'Simpanan Wajib', 2),
	(616, 123, '2019-07-31', 3300000, 'Simpanan Wajib', 2),
	(617, 123, '2020-12-31', 550000, 'Simpanan Wajib', 2),
	(618, 123, '2021-12-31', 600000, 'Simpanan Wajib', 2),
	(619, 123, '2022-12-31', 600000, 'Simpanan Wajib', 2),
	(620, 124, '2019-12-31', 3250000, 'Simpanan Wajib', 2),
	(621, 124, '2020-12-31', 550000, 'Simpanan Wajib', 2),
	(622, 124, '2021-12-31', 600000, 'Simpanan Wajib', 2),
	(623, 124, '2022-12-31', 600000, 'Simpanan Wajib', 2),
	(624, 124, '2023-07-31', 250000, 'Simpanan Wajib', 2),
	(625, 124, '2023-07-31', 150000, 'Simpanan Pokok', 2),
	(626, 125, '2023-07-31', 150000, 'Simpanan Pokok', 2),
	(627, 125, '2023-07-31', 250000, 'Simpanan Wajib', 2),
	(628, 125, '2019-12-31', 1050000, 'Simpanan Wajib', 2),
	(629, 125, '2020-12-31', 550000, 'Simpanan Wajib', 2),
	(630, 125, '2021-12-31', 600000, 'Simpanan Wajib', 2),
	(631, 125, '2022-12-31', 600000, 'Simpanan Wajib', 2),
	(632, 126, '2019-12-31', 1950000, 'Simpanan Wajib', 2),
	(633, 126, '2020-12-31', 550000, 'Simpanan Wajib', 2),
	(634, 126, '2021-12-31', 600000, 'Simpanan Wajib', 2),
	(635, 126, '2022-12-31', 600000, 'Simpanan Wajib', 2),
	(636, 126, '2023-07-31', 250000, 'Simpanan Wajib', 2),
	(637, 126, '2023-07-31', 150000, 'Simpanan Pokok', 2),
	(638, 127, '2023-07-31', 150000, 'Simpanan Pokok', 2),
	(639, 127, '2023-07-31', 250000, 'Simpanan Wajib', 2),
	(640, 127, '2019-07-31', 2200000, 'Simpanan Wajib', 2),
	(641, 127, '2020-12-31', 550000, 'Simpanan Wajib', 2),
	(642, 127, '2021-12-31', 600000, 'Simpanan Wajib', 2),
	(643, 127, '2022-12-31', 600000, 'Simpanan Wajib', 2),
	(644, 128, '2019-12-31', 4350000, 'Simpanan Wajib', 2),
	(645, 128, '2020-12-31', 550000, 'Simpanan Wajib', 2),
	(646, 128, '2021-12-31', 600000, 'Simpanan Wajib', 2),
	(647, 128, '2022-12-31', 600000, 'Simpanan Wajib', 2),
	(648, 128, '2023-07-31', 250000, 'Simpanan Wajib', 2),
	(649, 128, '2023-07-31', 150000, 'Simpanan Pokok', 2),
	(650, 129, '2023-07-31', 150000, 'Simpanan Pokok', 2),
	(651, 129, '2023-07-31', 250000, 'Simpanan Wajib', 2),
	(652, 129, '2019-12-31', 5150000, 'Simpanan Wajib', 2),
	(653, 129, '2020-12-31', 550000, 'Simpanan Wajib', 2),
	(654, 129, '2021-12-31', 600000, 'Simpanan Wajib', 2),
	(655, 129, '2022-12-31', 600000, 'Simpanan Wajib', 2),
	(656, 130, '2019-12-31', 1450000, 'Simpanan Wajib', 2),
	(657, 130, '2020-12-31', 550000, 'Simpanan Wajib', 2),
	(658, 130, '2021-12-31', 600000, 'Simpanan Wajib', 2),
	(659, 130, '2022-12-31', 600000, 'Simpanan Wajib', 2),
	(660, 130, '2023-07-31', 250000, 'Simpanan Wajib', 2),
	(661, 130, '2023-07-31', 150000, 'Simpanan Pokok', 2),
	(662, 131, '2023-07-31', 150000, 'Simpanan Pokok', 2),
	(663, 131, '2023-07-31', 250000, 'Simpanan Wajib', 2),
	(664, 131, '2019-12-31', 950000, 'Simpanan Wajib', 2),
	(665, 131, '2020-12-31', 550000, 'Simpanan Wajib', 2),
	(666, 131, '2021-12-31', 600000, 'Simpanan Wajib', 2),
	(667, 131, '2020-12-31', 600000, 'Simpanan Wajib', 2),
	(668, 132, '2019-12-31', 4200000, 'Simpanan Wajib', 2),
	(669, 132, '2020-12-31', 550000, 'Simpanan Wajib', 2),
	(670, 132, '2021-12-31', 600000, 'Simpanan Wajib', 2),
	(671, 132, '2022-12-31', 600000, 'Simpanan Wajib', 2),
	(672, 132, '2023-07-31', 250000, 'Simpanan Wajib', 2),
	(673, 132, '2023-07-31', 150000, 'Simpanan Pokok', 2),
	(674, 133, '2023-07-31', 150000, 'Simpanan Pokok', 2),
	(675, 133, '2023-07-31', 250000, 'Simpanan Wajib', 2),
	(676, 133, '2019-12-31', 3850000, 'Simpanan Wajib', 2),
	(677, 133, '2020-12-31', 550000, 'Simpanan Wajib', 2),
	(678, 133, '2021-12-31', 600000, 'Simpanan Wajib', 2),
	(679, 133, '2022-12-31', 600000, 'Simpanan Wajib', 2),
	(680, 134, '2019-12-31', 4450000, 'Simpanan Wajib', 2),
	(681, 134, '2020-12-31', 550000, 'Simpanan Wajib', 2),
	(682, 134, '2021-12-31', 600000, 'Simpanan Wajib', 2),
	(683, 134, '2022-12-31', 600000, 'Simpanan Wajib', 2),
	(684, 134, '2023-07-31', 250000, 'Simpanan Wajib', 2),
	(685, 134, '2023-07-31', 150000, 'Simpanan Pokok', 2),
	(686, 135, '2023-07-31', 150000, 'Simpanan Pokok', 2),
	(687, 135, '2023-07-31', 250000, 'Simpanan Wajib', 2),
	(688, 135, '2019-12-31', 4700000, 'Simpanan Wajib', 2),
	(689, 135, '2020-12-31', 550000, 'Simpanan Wajib', 2),
	(690, 135, '2021-12-31', 600000, 'Simpanan Wajib', 2),
	(691, 135, '2021-12-31', 600000, 'Simpanan Wajib', 2),
	(692, 174, '2019-12-31', 1900000, 'Simpanan Wajib', 2),
	(693, 174, '2020-12-31', 550000, 'Simpanan Wajib', 2),
	(694, 174, '2021-12-31', 600000, 'Simpanan Wajib', 2),
	(695, 174, '2022-12-31', 600000, 'Simpanan Wajib', 2),
	(696, 174, '2023-07-31', 250000, 'Simpanan Wajib', 2),
	(697, 174, '2023-07-31', 150000, 'Simpanan Pokok', 2),
	(698, 136, '2023-07-31', 150000, 'Simpanan Pokok', 2),
	(699, 136, '2023-07-31', 250000, 'Simpanan Wajib', 2),
	(700, 136, '2022-12-31', 600000, 'Simpanan Wajib', 2),
	(701, 137, '2019-12-31', 5350000, 'Simpanan Wajib', 2),
	(702, 137, '2020-12-31', 550000, 'Simpanan Wajib', 2),
	(703, 137, '2021-12-31', 600000, 'Simpanan Wajib', 2),
	(704, 137, '2022-12-31', 600000, 'Simpanan Wajib', 2),
	(705, 137, '2023-07-31', 250000, 'Simpanan Wajib', 2),
	(706, 137, '2023-07-31', 150000, 'Simpanan Pokok', 2),
	(707, 138, '2023-07-31', 150000, 'Simpanan Pokok', 2),
	(708, 138, '2023-07-31', 250000, 'Simpanan Wajib', 2),
	(709, 138, '2019-12-31', 2050000, 'Simpanan Wajib', 2),
	(710, 138, '2020-12-31', 550000, 'Simpanan Wajib', 2),
	(711, 138, '2021-12-31', 600000, 'Simpanan Wajib', 2),
	(712, 138, '2021-12-31', 600000, 'Simpanan Wajib', 2),
	(713, 139, '2019-12-31', 3350000, 'Simpanan Wajib', 2),
	(714, 139, '2020-12-31', 550000, 'Simpanan Wajib', 2),
	(715, 139, '2021-12-31', 600000, 'Simpanan Wajib', 2),
	(716, 139, '2022-12-31', 600000, 'Simpanan Wajib', 2),
	(717, 139, '2023-07-31', 250000, 'Simpanan Wajib', 2),
	(718, 139, '2023-07-31', 150000, 'Simpanan Pokok', 2),
	(719, 140, '2023-07-31', 150000, 'Simpanan Pokok', 2),
	(720, 140, '2023-07-31', 250000, 'Simpanan Wajib', 2),
	(721, 140, '2019-12-31', 2650000, 'Simpanan Wajib', 2),
	(722, 140, '2020-12-31', 550000, 'Simpanan Wajib', 2),
	(723, 140, '2021-12-31', 600000, 'Simpanan Wajib', 2),
	(724, 140, '2022-12-31', 600000, 'Simpanan Wajib', 2),
	(725, 141, '2019-12-31', 7490000, 'Simpanan Wajib', 2),
	(726, 141, '2020-12-31', 550000, 'Simpanan Wajib', 2),
	(727, 141, '2021-12-31', 600000, 'Simpanan Wajib', 2),
	(728, 141, '2022-12-31', 600000, 'Simpanan Wajib', 2),
	(729, 141, '2023-07-31', 250000, 'Simpanan Wajib', 2),
	(730, 141, '2023-07-31', 150000, 'Simpanan Pokok', 2),
	(731, 142, '2023-07-31', 150000, 'Simpanan Pokok', 2),
	(732, 142, '2023-07-31', 250000, 'Simpanan Wajib', 2),
	(733, 142, '2019-12-31', 4800000, 'Simpanan Wajib', 2),
	(734, 142, '2020-12-31', 550000, 'Simpanan Wajib', 2),
	(735, 142, '2021-12-31', 600000, 'Simpanan Wajib', 2),
	(736, 142, '2022-12-31', 600000, 'Simpanan Wajib', 2),
	(737, 143, '2019-12-31', 4700000, 'Simpanan Wajib', 2),
	(738, 143, '2020-12-31', 550000, 'Simpanan Wajib', 2),
	(739, 143, '2021-12-31', 600000, 'Simpanan Wajib', 2),
	(740, 143, '2022-12-31', 600000, 'Simpanan Wajib', 2),
	(741, 143, '2023-07-31', 250000, 'Simpanan Wajib', 2),
	(742, 143, '2023-07-31', 150000, 'Simpanan Pokok', 2),
	(743, 144, '2023-07-31', 150000, 'Simpanan Pokok', 2),
	(744, 144, '2023-07-31', 250000, 'Simpanan Wajib', 2),
	(745, 144, '2020-12-31', 450000, 'Simpanan Wajib', 2),
	(746, 144, '2021-12-31', 600000, 'Simpanan Wajib', 2),
	(747, 144, '2021-12-31', 600000, 'Simpanan Wajib', 2),
	(748, 145, '2020-12-31', 250000, 'Simpanan Wajib', 2),
	(749, 145, '2021-12-31', 600000, 'Simpanan Wajib', 2),
	(750, 145, '2022-12-31', 600000, 'Simpanan Wajib', 2),
	(751, 145, '2023-07-31', 250000, 'Simpanan Wajib', 2),
	(752, 145, '2023-07-31', 150000, 'Simpanan Pokok', 2),
	(753, 146, '2020-12-31', 250000, 'Simpanan Wajib', 2),
	(754, 146, '2021-12-31', 600000, 'Simpanan Wajib', 2),
	(755, 146, '2022-12-31', 600000, 'Simpanan Wajib', 2),
	(756, 146, '2023-07-31', 250000, 'Simpanan Wajib', 2),
	(757, 146, '2023-07-31', 150000, 'Simpanan Pokok', 2),
	(758, 147, '2023-07-31', 150000, 'Simpanan Pokok', 2),
	(759, 147, '2023-07-31', 250000, 'Simpanan Wajib', 2),
	(760, 147, '2020-12-31', 200000, 'Simpanan Wajib', 2),
	(761, 147, '2021-12-31', 600000, 'Simpanan Wajib', 2),
	(762, 147, '2022-12-31', 600000, 'Simpanan Wajib', 2),
	(763, 148, '2020-12-31', 150000, 'Simpanan Wajib', 2),
	(764, 148, '2021-12-31', 600000, 'Simpanan Wajib', 2),
	(765, 148, '2023-07-31', 250000, 'Simpanan Wajib', 2),
	(766, 148, '2023-07-31', 150000, 'Simpanan Pokok', 2),
	(767, 149, '2023-07-31', 150000, 'Simpanan Pokok', 2),
	(768, 149, '2023-07-31', 250000, 'Simpanan Wajib', 2),
	(769, 149, '2021-12-31', 450000, 'Simpanan Wajib', 2),
	(770, 149, '2022-12-31', 600000, 'Simpanan Wajib', 2),
	(771, 150, '2021-12-31', 450000, 'Simpanan Wajib', 2),
	(772, 150, '2022-12-31', 600000, 'Simpanan Wajib', 2),
	(773, 150, '2023-07-31', 250000, 'Simpanan Wajib', 2),
	(774, 150, '2023-07-31', 150000, 'Simpanan Pokok', 2),
	(775, 151, '2023-07-31', 150000, 'Simpanan Pokok', 2),
	(776, 151, '2023-07-31', 250000, 'Simpanan Wajib', 2),
	(777, 151, '2021-12-31', 350000, 'Simpanan Wajib', 2),
	(778, 151, '2022-12-31', 600000, 'Simpanan Wajib', 2),
	(779, 152, '2021-12-31', 350000, 'Simpanan Wajib', 2),
	(780, 152, '2022-12-31', 600000, 'Simpanan Wajib', 2),
	(781, 152, '2023-07-31', 250000, 'Simpanan Wajib', 2),
	(782, 152, '2023-07-31', 150000, 'Simpanan Pokok', 2),
	(783, 153, '2023-07-31', 150000, 'Simpanan Pokok', 2),
	(784, 153, '2023-07-31', 250000, 'Simpanan Wajib', 2),
	(785, 153, '2021-12-31', 150000, 'Simpanan Wajib', 2),
	(786, 153, '2022-12-31', 600000, 'Simpanan Wajib', 2),
	(787, 154, '2021-12-31', 150000, 'Simpanan Wajib', 2),
	(788, 154, '2022-12-31', 600000, 'Simpanan Wajib', 2),
	(789, 154, '2023-07-31', 250000, 'Simpanan Wajib', 2),
	(790, 154, '2023-07-31', 150000, 'Simpanan Pokok', 2),
	(791, 155, '2023-07-31', 150000, 'Simpanan Pokok', 2),
	(792, 155, '2023-07-31', 250000, 'Simpanan Wajib', 2),
	(793, 155, '2022-12-31', 500000, 'Simpanan Wajib', 2),
	(794, 156, '2021-12-31', 450000, 'Simpanan Wajib', 2),
	(795, 156, '2022-12-31', 600000, 'Simpanan Wajib', 2),
	(796, 156, '2023-07-31', 250000, 'Simpanan Wajib', 2),
	(797, 156, '2023-07-31', 150000, 'Simpanan Pokok', 2),
	(798, 157, '2023-07-31', 150000, 'Simpanan Pokok', 2),
	(799, 157, '2023-07-31', 250000, 'Simpanan Wajib', 2),
	(800, 157, '2022-12-31', 400000, 'Simpanan Wajib', 2),
	(801, 158, '2022-12-31', 400000, 'Simpanan Wajib', 2),
	(802, 158, '2023-07-31', 250000, 'Simpanan Wajib', 2),
	(803, 158, '2023-07-31', 150000, 'Simpanan Pokok', 2),
	(804, 159, '2023-07-31', 150000, 'Simpanan Pokok', 2),
	(805, 159, '2023-07-31', 250000, 'Simpanan Wajib', 2),
	(806, 160, '2023-07-31', 150000, 'Simpanan Pokok', 2),
	(807, 160, '2023-07-31', 250000, 'Simpanan Wajib', 2),
	(808, 160, '2022-12-31', 350000, 'Simpanan Wajib', 2),
	(809, 161, '2022-12-31', 350000, 'Simpanan Wajib', 2),
	(810, 161, '2023-07-31', 250000, 'Simpanan Wajib', 2),
	(811, 161, '2023-07-31', 150000, 'Simpanan Pokok', 2),
	(812, 162, '2019-12-31', 7400000, 'Simpanan Wajib', 2),
	(813, 162, '2020-12-31', 1200000, 'Simpanan Wajib', 2),
	(814, 162, '2021-12-31', 1200000, 'Simpanan Wajib', 2),
	(815, 162, '2022-12-31', 1200000, 'Simpanan Wajib', 2),
	(816, 163, '2019-12-31', 7300000, 'Simpanan Wajib', 2),
	(817, 164, '2019-12-31', 3600000, 'Simpanan Wajib', 2),
	(818, 163, '2020-12-31', 1200000, 'Simpanan Wajib', 2),
	(819, 163, '2022-12-31', 1200000, 'Simpanan Wajib', 2),
	(820, 163, '2022-12-31', 1200000, 'Simpanan Wajib', 2),
	(821, 164, '2020-12-31', 1200000, 'Simpanan Wajib', 2),
	(822, 164, '2021-12-31', 1200000, 'Simpanan Wajib', 2),
	(823, 164, '2022-12-31', 1200000, 'Simpanan Wajib', 2),
	(824, 165, '2023-07-31', 150000, 'Simpanan Pokok', 2),
	(825, 165, '2023-07-31', 300000, 'Simpanan Wajib', 2),
	(826, 166, '2023-07-31', 300000, 'Simpanan Wajib', 2),
	(827, 166, '2023-07-31', 150000, 'Simpanan Pokok', 2),
	(828, 167, '2023-07-31', 150000, 'Simpanan Pokok', 2),
	(829, 167, '2022-12-31', 350000, 'Simpanan Wajib', 2),
	(830, 167, '2023-07-31', 250000, 'Simpanan Wajib', 2),
	(831, 168, '2023-07-31', 300000, 'Simpanan Wajib', 2),
	(832, 168, '2023-07-31', 150000, 'Simpanan Pokok', 2),
	(833, 169, '2023-07-31', 150000, 'Simpanan Pokok', 2),
	(834, 169, '2023-07-31', 300000, 'Simpanan Wajib', 2),
	(835, 170, '2023-07-31', 50000, 'Simpanan Wajib', 2),
	(836, 170, '2023-07-31', 150000, 'Simpanan Pokok', 2),
	(837, 171, '2023-07-31', 150000, 'Simpanan Pokok', 2),
	(838, 171, '2023-07-31', 100000, 'Simpanan Wajib', 2);

-- Dumping structure for table db_koperasi3.user
CREATE TABLE IF NOT EXISTS `user` (
  `id_anggota` int NOT NULL AUTO_INCREMENT,
  `nip` varchar(18) CHARACTER SET utf8mb4 COLLATE utf8mb4_0900_ai_ci NOT NULL,
  `username` varchar(50) CHARACTER SET utf8mb4 COLLATE utf8mb4_0900_ai_ci NOT NULL,
  `password` varchar(100) NOT NULL,
  `nama_lengkap` varchar(50) NOT NULL,
  `level` int NOT NULL DEFAULT '1',
  `aktif` int NOT NULL DEFAULT '2',
  `no_rek` varchar(15) DEFAULT NULL,
  `alamat` varchar(100) DEFAULT NULL,
  `profil` varchar(20) CHARACTER SET utf8mb4 COLLATE utf8mb4_0900_ai_ci DEFAULT NULL,
  `jenis_kelamin` varchar(20) DEFAULT NULL,
  `no_hp` varchar(13) DEFAULT NULL,
  `tanggal_lahir` date DEFAULT NULL,
  PRIMARY KEY (`id_anggota`)
) ENGINE=InnoDB AUTO_INCREMENT=177 DEFAULT CHARSET=utf8mb4 COLLATE=utf8mb4_0900_ai_ci;

-- Dumping data for table db_koperasi3.user: ~173 rows (approximately)
INSERT INTO `user` (`id_anggota`, `nip`, `username`, `password`, `nama_lengkap`, `level`, `aktif`, `no_rek`, `alamat`, `profil`, `jenis_kelamin`, `no_hp`, `tanggal_lahir`) VALUES
	(1, '152020130', 'admin', 'admin', 'admin', 2, 2, '0026199182', 'Bandung', 'default21.jpg', 'Laki - Laki', '085524897988', '2004-08-12'),
	(2, '152020099', 'ani.mulyani', 'ani.mulyani', 'Ani Mulyani', 1, 2, '098789', 'Bandung', 'default.jpg', 'Laki - Laki', '0877663636363', '1988-11-01'),
	(3, '152020131', 'baban.robandi', 'baban.robandi', 'Baban Robandi', 1, 2, NULL, NULL, NULL, NULL, NULL, NULL),
	(4, '152020132', 'yayang.gumilang', 'yayang.gumilang', 'Yayang Gumilang', 1, 2, NULL, NULL, NULL, NULL, NULL, NULL),
	(5, '', 'agus.azis', 'agus.azis', 'Agus Azis Muslim', 1, 2, NULL, NULL, NULL, NULL, NULL, NULL),
	(6, '', 'agus.rusnadi', 'agus.rusnadi', 'Agus Rusnandi', 1, 2, NULL, NULL, NULL, NULL, NULL, NULL),
	(7, '', 'nugraha', 'nugraha', 'Nugraha', 1, 2, NULL, NULL, NULL, NULL, NULL, NULL),
	(8, '', 'andi.syaqirah', 'andi.syaqirah', 'Andi Syaqirah', 1, 2, NULL, NULL, NULL, NULL, NULL, NULL),
	(9, '', 'arif.sabar', 'arif.sabar', 'Arif Sabar Riyanto', 1, 2, NULL, NULL, NULL, NULL, NULL, NULL),
	(10, '', 'asep.rusli', 'asep.rusli', 'Asep Rusli Diana', 1, 2, NULL, NULL, NULL, NULL, NULL, NULL),
	(11, '', 'asep.saepul', 'asep.saepul', 'Asep Saepul Mujahid', 1, 2, NULL, NULL, NULL, NULL, NULL, NULL),
	(12, '', 'asep.supriatna', 'asep.supriatna', 'Asep Supriatna', 1, 2, NULL, NULL, NULL, NULL, NULL, NULL),
	(13, '', 'asep.wawan', 'asep.wawan', 'Asep Wawan', 1, 2, NULL, NULL, NULL, NULL, NULL, NULL),
	(14, '', 'bahari.zamzam', 'bahari.zamzam', 'Bahari Zamzam Gandana', 1, 2, NULL, NULL, NULL, NULL, NULL, NULL),
	(15, '', 'catharina.werdyanti', 'catharina.werdyanti', 'Catharina Werdyanti', 1, 2, NULL, NULL, NULL, NULL, NULL, NULL),
	(16, '', 'ceceng', 'ceceng', 'Ceceng', 1, 2, NULL, NULL, NULL, NULL, NULL, NULL),
	(17, '', 'dadang.suherman', 'dadang.suherman', 'Dadang Suherman', 1, 2, NULL, NULL, NULL, NULL, NULL, NULL),
	(18, '', 'yudhi.chaedar', 'yudhi', 'Yudhi Chaedar', 1, 2, NULL, NULL, NULL, NULL, NULL, NULL),
	(19, '', 'dedi.rustiadi', 'dedi.rustiadi', 'Dede Rustiadi', 1, 2, NULL, NULL, NULL, NULL, NULL, NULL),
	(20, '', 'deni.suryana', 'deni.suryana', 'Deni Suryana', 1, 2, NULL, NULL, NULL, NULL, NULL, NULL),
	(21, '', 'destian.setiadharma', 'destian.setiadharma', 'Destian Setiadharma', 1, 2, NULL, NULL, NULL, NULL, NULL, NULL),
	(22, '', 'edi.supriadi', 'edi.supriadi', 'Edi Supriadi', 1, 2, NULL, NULL, NULL, NULL, NULL, NULL),
	(23, '', 'een.stiawati', 'een.stiawati', 'Een Stiawati', 1, 2, NULL, NULL, NULL, NULL, NULL, NULL),
	(24, '', 'effendi.arifin', 'effendi.arifin', 'Effendi Arifin', 1, 2, NULL, NULL, NULL, NULL, NULL, NULL),
	(25, '', 'arifin', 'arifin', 'Arifin', 1, 2, NULL, NULL, NULL, NULL, NULL, NULL),
	(26, '', 'elan', 'elan', 'Elan', 1, 2, NULL, NULL, NULL, NULL, NULL, NULL),
	(27, '', 'elis.herdiani', 'elis.herdiani', 'Elis Herdiani', 1, 2, NULL, NULL, NULL, NULL, NULL, NULL),
	(28, '', 'endang.pujiastuti', 'endang.pujiastuti', 'Endang Pujiastuti', 1, 2, NULL, NULL, NULL, NULL, NULL, NULL),
	(29, '', 'firman.diana', 'firman.diana', 'Firman Diana', 1, 2, NULL, NULL, NULL, NULL, NULL, NULL),
	(30, '', 'hanggas.wirapradeksa', 'hanggas.wirapradeksa', 'Hanggas Wirapradeksa', 1, 2, NULL, NULL, NULL, NULL, NULL, NULL),
	(31, '', 'syarif.ahadian', 'syarif.ahadian', 'R. Syarif Ahadian', 1, 2, NULL, NULL, NULL, NULL, NULL, NULL),
	(32, '', 'latifah.hanum', 'latifah.hanum', 'Latifah Hanum', 1, 2, NULL, NULL, NULL, NULL, NULL, NULL),
	(33, '', 'ika.kartika', 'ika.kartika', 'Ika Kartika', 1, 2, NULL, NULL, NULL, NULL, NULL, NULL),
	(34, '', 'isa.alamsyah', 'isa.alamsyah', 'Isa Alamsyah Undayat', 1, 2, NULL, NULL, NULL, NULL, NULL, NULL),
	(35, '', 'lilis.rostini', 'lilis.rostini', 'Lilis Rostini', 1, 2, NULL, NULL, NULL, NULL, NULL, NULL),
	(36, '', 'mieda.miedayati', 'mieda.miedayati', 'Mieda Miedayati', 1, 2, NULL, NULL, NULL, NULL, NULL, NULL),
	(37, '', 'misman', 'misman', 'Misman', 1, 2, NULL, NULL, NULL, NULL, NULL, NULL),
	(38, '', 'syera.indari', 'syera.indari', 'Syera Indari', 1, 2, NULL, NULL, NULL, NULL, NULL, NULL),
	(39, '', 'enung.heryati', 'enung.heryati', 'Enung Heryati', 1, 2, NULL, NULL, NULL, NULL, NULL, NULL),
	(40, '', 'nani.maryani', 'nani.maryani', 'Nani Maryani', 1, 2, NULL, NULL, NULL, NULL, NULL, NULL),
	(41, '', 'ninawati', 'ninawati', 'Ninawati', 1, 2, NULL, NULL, NULL, NULL, NULL, NULL),
	(42, '', 'nita.rita', 'nita.rita', 'Nita Rita Ningsih', 1, 2, NULL, NULL, NULL, NULL, NULL, NULL),
	(43, '', 'nora.elprida', 'nora.elprida', 'Nora Elprida Harahap', 1, 2, NULL, NULL, NULL, NULL, NULL, NULL),
	(44, '', 'popie.hagy', 'popie.hagy', 'Popie Hagy Gusmartin', 1, 2, NULL, NULL, NULL, NULL, NULL, NULL),
	(45, '', 'rachmayati.abdurachman', 'rachmayati.abdurachman', 'R. Rachmayati Abdurachman', 1, 2, NULL, NULL, NULL, NULL, NULL, NULL),
	(46, '', 'ria.triantini', 'ria.triantini', 'Ria Triantini', 1, 2, NULL, NULL, NULL, NULL, NULL, NULL),
	(47, '', 'rusmiyati', 'rusmiyati', 'Rusmiyati', 1, 2, NULL, NULL, NULL, NULL, NULL, NULL),
	(48, '', 'saepudin', 'saepudin', 'Saepudin', 1, 2, NULL, NULL, NULL, NULL, NULL, NULL),
	(49, '', 'singgih.wido', 'singgih.wido', 'Singgih Wido Purnomo', 1, 2, NULL, NULL, NULL, NULL, NULL, NULL),
	(50, '', 'siti.nurhayati', 'siti.nurhayati', 'Siti J. Nurhayati .S', 1, 2, NULL, NULL, NULL, NULL, NULL, NULL),
	(51, '', 'supriantoro', 'supriantoro', 'Supriantoro', 1, 2, NULL, NULL, NULL, NULL, NULL, NULL),
	(52, '', 'suryana', 'suryana', 'Suryana', 1, 2, NULL, NULL, NULL, NULL, NULL, NULL),
	(53, '', 'tedy.septiady', 'tedy.septiady', 'Tedy Septiady', 1, 2, NULL, NULL, NULL, NULL, NULL, NULL),
	(54, '', 'tenny.frisisca', 'tenny.frisisca', 'Tenny Frisisca Novandari', 1, 2, NULL, NULL, NULL, NULL, NULL, NULL),
	(55, '', 'wiwin.wintarsih', 'wiwin.wintarsih', 'Wiwin Wintarsih', 1, 2, NULL, NULL, NULL, NULL, NULL, NULL),
	(56, '', 'bertiany.bhirawati', 'bertiany.bhirawati', 'Bertiany Bhirawati', 1, 2, NULL, NULL, NULL, NULL, NULL, NULL),
	(57, '', 'yustika.surtikanti', 'yustika.surtikanti', 'Yustika Surtikanti', 1, 2, NULL, NULL, NULL, NULL, NULL, NULL),
	(58, '', 'rahmat.firdaus', 'rahmat.firdaus', 'Rahmat Firdaus', 1, 2, NULL, NULL, NULL, NULL, NULL, NULL),
	(59, '', 'yeyet.rachayu', 'yeyet.rachayu', 'Yeyet Rachayu', 1, 2, NULL, NULL, NULL, NULL, NULL, NULL),
	(60, '', 'elom.supriatno', 'elom.supriatno', 'Elom Supriatno', 1, 2, NULL, NULL, NULL, NULL, NULL, NULL),
	(61, '', 'helga.noor', 'helga.noor', 'Helga Noor Angela Faried', 1, 2, NULL, NULL, NULL, NULL, NULL, NULL),
	(62, '', 'arif.surahman', 'arif.surahman', 'Arif Surahman', 1, 2, NULL, NULL, NULL, NULL, NULL, NULL),
	(63, '', 'delaneira.regina', 'delaneira.regina', 'Delaneira Regina Almanda', 1, 2, NULL, NULL, NULL, NULL, NULL, NULL),
	(64, '', 'deviana.nur', 'deviana.nur', 'Deviana Nur Amalia', 1, 2, NULL, NULL, NULL, NULL, NULL, NULL),
	(65, '', 'cynthia.aryanti', 'cynthia.aryanti', 'Cynthia Aryanti Bestari', 1, 2, NULL, NULL, NULL, NULL, NULL, NULL),
	(66, '', 'yuniar.auelia', 'yuniar.auelia', 'Yuniar Auelia Puteri', 1, 2, NULL, NULL, NULL, NULL, NULL, NULL),
	(67, '', 'raden.shafira', 'raden.shafira', 'Raden Shafira Annisa R.', 1, 2, NULL, NULL, NULL, NULL, NULL, NULL),
	(68, '', 'elvi.selviana', 'elvi.selviana', 'Elvi Selviana', 1, 2, NULL, NULL, NULL, NULL, NULL, NULL),
	(69, '', 'mira.oktavia', 'mira.oktavia', 'Mira Oktavia Rahayu', 1, 2, NULL, NULL, NULL, NULL, NULL, NULL),
	(70, '', 'nadya.rizkiyana', 'nadya.rizkiyana', 'Nadya Rizkiyana', 1, 2, NULL, NULL, NULL, NULL, NULL, NULL),
	(71, '', 'parasmita.arum', 'parasmita.arum', 'Parasmita Arum Andini', 1, 2, NULL, NULL, NULL, NULL, NULL, NULL),
	(72, '', 'yuni.salmah', 'yuni.salmah', 'Yuni Salmah', 1, 2, NULL, NULL, NULL, NULL, NULL, NULL),
	(73, '', 'taufik.rahmat', 'taufik.rahmat', 'Taufik Rahmat Santoso', 1, 2, NULL, NULL, NULL, NULL, NULL, NULL),
	(74, '', 'endah.nurohmah', 'endah.nurohmah', 'Endah Nurohmah', 1, 2, NULL, NULL, NULL, NULL, NULL, NULL),
	(75, '', 'yanyan.trihandayani', 'yanyan.trihandayani', 'Yanyan Trihandayani', 1, 2, NULL, NULL, NULL, NULL, NULL, NULL),
	(76, '', 'agus.saeful', 'agus.saeful', 'Agus Saeful Suhud', 1, 2, NULL, NULL, NULL, NULL, NULL, NULL),
	(77, '', 'dewi.putrina', 'dewi.putrina', 'Dewi Putrina', 1, 2, NULL, NULL, NULL, NULL, NULL, NULL),
	(78, '', 'erwin.sulaeman', 'erwin.sulaeman', 'Erwin Sulaeman', 1, 2, NULL, NULL, NULL, NULL, NULL, NULL),
	(79, '', 'erza.fikry', 'erza.fikry', 'Erza Fikry Piliang', 1, 2, NULL, NULL, NULL, NULL, NULL, NULL),
	(80, '', 'danurdara.aditya', 'danurdara.aditya', 'Danurdara Aditya Pradita', 1, 2, NULL, NULL, NULL, NULL, NULL, NULL),
	(81, '', 'erlita.megasari', 'erlita.megasari', 'Erlita Megasari', 1, 2, NULL, NULL, NULL, NULL, NULL, NULL),
	(82, '', 'thias.liesdiani', 'thias.liesdiani', 'Thias Liesdiani', 1, 2, NULL, NULL, NULL, NULL, NULL, NULL),
	(83, '', 'anggi.tsania', 'anggi.tsania', 'Anggi Tsania Albi', 1, 2, NULL, NULL, NULL, NULL, NULL, NULL),
	(84, '', 'jajang.nurjamil', 'jajang.nurjamil', 'Jajang Nurjamil', 1, 2, NULL, NULL, NULL, NULL, NULL, NULL),
	(85, '', 'ivan.hadian', 'ivan.hadian', 'Ivan Hadian Hayat', 1, 2, NULL, NULL, NULL, NULL, NULL, NULL),
	(86, '', 'asep.durachman', 'asep.durachman', 'Asep Durachman', 1, 2, NULL, NULL, NULL, NULL, NULL, NULL),
	(87, '', 'anna.listianingwicaksana', 'anna.listianingwicaksana', 'Anna Listianingwicaksana', 1, 2, NULL, NULL, NULL, NULL, NULL, NULL),
	(88, '', 'andhika.pratama', 'andhika.pratama', 'Andhika Pratama', 1, 2, NULL, NULL, NULL, NULL, NULL, NULL),
	(89, '', 'vindah.restiani', 'vindah.restiani', 'Vindah Restiani', 1, 2, NULL, NULL, NULL, NULL, NULL, NULL),
	(90, '', 'debby.arisianti', 'debby.arisianti', 'Debby Arisianti', 1, 2, NULL, NULL, NULL, NULL, NULL, NULL),
	(91, '', 'adjie.ginanjar', 'adjie.ginanjar', 'Adjie Ginanjar', 1, 2, NULL, NULL, NULL, NULL, NULL, NULL),
	(92, '', 'as.syifa', 'as.syifa', 'As Syifa', 1, 2, NULL, NULL, NULL, NULL, NULL, NULL),
	(93, '', 'sofyan.setiawan', 'sofyan.setiawan', 'Sofyan Setiawan', 1, 2, NULL, NULL, NULL, NULL, NULL, NULL),
	(94, '', 'alifikri.ahmad', 'alifikri.ahmad', 'Alifikri Ahmad', 1, 2, NULL, NULL, NULL, NULL, NULL, NULL),
	(95, '', 'senie.juliawati', 'senie.juliawati', 'Senie Juliawati', 1, 2, NULL, NULL, NULL, NULL, NULL, NULL),
	(96, '', 'adi.supriadi', 'adi.supriadi', 'Adi Supriadi', 1, 2, NULL, NULL, NULL, NULL, NULL, NULL),
	(97, '', 'ujang.sopian', 'ujang.sopian', 'Ujang Sopian', 1, 2, NULL, NULL, NULL, NULL, NULL, NULL),
	(98, '', 'fajar.maulana', 'fajar.maulana', 'Fajar Maulana', 1, 2, NULL, NULL, NULL, NULL, NULL, NULL),
	(99, '', 'anita.kristyawati', 'anita.kristyawati', 'Anita Kristyawati', 1, 2, NULL, NULL, NULL, NULL, NULL, NULL),
	(100, '', 'intan.novianty', 'intan.novianty', 'Intan Novianty', 1, 2, NULL, NULL, NULL, NULL, NULL, NULL),
	(101, '', 'novianti.syafrina', 'novianti.syafrina', 'Novianti Syafrina', 1, 2, NULL, NULL, NULL, NULL, NULL, NULL),
	(102, '', 'rivan.halen', 'rivan.halen', 'Rivan Halen Satriani', 1, 2, NULL, NULL, NULL, NULL, NULL, NULL),
	(103, '', 'ade.achmad', 'ade.achmad', 'Ade Achmad Saputra', 1, 2, NULL, NULL, NULL, NULL, NULL, NULL),
	(104, '', 'atep.mahtul', 'atep.mahtul', 'Atep Mahtul Majid', 1, 2, NULL, NULL, NULL, NULL, NULL, NULL),
	(105, '', 'rachma.elvira', 'rachma.elvira', 'Rachma Elvira', 1, 2, NULL, NULL, NULL, NULL, NULL, NULL),
	(106, '', 'novi.sopiantini', 'novi.sopiantini', 'Novi Sopiantini', 1, 2, NULL, NULL, NULL, NULL, NULL, NULL),
	(107, '', 'andi.suhendar', 'andi.suhendar', 'Andi Suhendar', 1, 2, NULL, NULL, NULL, NULL, NULL, NULL),
	(108, '', 'shandika.prasetia', 'shandika.prasetia', 'Shandika Prasetia', 1, 2, NULL, NULL, NULL, NULL, NULL, NULL),
	(109, '', 'arief.hidayat', 'arief.hidayat', 'Arief Hidayat Sumpena', 1, 2, NULL, NULL, NULL, NULL, NULL, NULL),
	(110, '', 'haris.munandar', 'haris.munandar', 'Haris Munandar', 1, 2, NULL, NULL, NULL, NULL, NULL, NULL),
	(111, '', 'miftah.saeful', 'miftah.saeful', 'Miftah Saeful Ulum', 1, 2, NULL, NULL, NULL, NULL, NULL, NULL),
	(112, '', 'toni.yulian', 'toni.yulian', 'Toni Yulian Karyadi', 1, 2, NULL, NULL, NULL, NULL, NULL, NULL),
	(113, '', 'riadini.wijayanti', 'riadini.wijayanti', 'Riadini Wijayanti S.', 1, 2, NULL, NULL, NULL, NULL, NULL, NULL),
	(114, '', 'john.gilbert', 'john.gilbert', 'John Gilbert Sinaga', 1, 2, NULL, NULL, NULL, NULL, NULL, NULL),
	(115, '', 'tera.gufira', 'tera.gufira', 'Tera Gufira', 1, 2, NULL, NULL, NULL, NULL, NULL, NULL),
	(116, '', 'iramaya.dewi', 'iramaya.dewi', 'Iramaya Dewi', 1, 2, NULL, NULL, NULL, NULL, NULL, NULL),
	(117, '', 'repha.septypanli', 'repha.septypanli', 'Repha Septypanli', 1, 2, NULL, NULL, NULL, NULL, NULL, NULL),
	(118, '', 'ridwan.hidayat', 'ridwan.hidayat', 'Ridwan Hidayat', 1, 2, NULL, NULL, NULL, NULL, NULL, NULL),
	(119, '', 'muhamad.akbar', 'muhamad.akbar', 'Muhamad Akbar', 1, 2, NULL, NULL, NULL, NULL, NULL, NULL),
	(120, '', 'dwi.yudiartha', 'dwi.yudiartha', 'Dwi Yudiartha', 1, 2, NULL, NULL, NULL, NULL, NULL, NULL),
	(121, '', 'cucu.melanti', 'cucu.melanti', 'Cucu Melanti', 1, 2, NULL, NULL, NULL, NULL, NULL, NULL),
	(122, '', 'andika.dwi', 'andika.dwi', 'Andika Dwi Gutama', 1, 2, NULL, NULL, NULL, NULL, NULL, NULL),
	(123, '', 'dian.prihanto', 'dian.prihanto', 'Dian Prihanto', 1, 2, NULL, NULL, NULL, NULL, NULL, NULL),
	(124, '', 'sri.dian', 'sri.dian', 'Sri Dian Nurhayani', 1, 2, NULL, NULL, NULL, NULL, NULL, NULL),
	(125, '', 'muchamad.aditya', 'muchamad.aditya', 'Muchamad Aditya Putra', 1, 2, NULL, NULL, NULL, NULL, NULL, NULL),
	(126, '', 'rahman.fauji', 'rahman.fauji', 'Rahman Fauji', 1, 2, NULL, NULL, NULL, NULL, NULL, NULL),
	(127, '', 'yosi.etika', 'yosi.etika', 'Yosi Etika Dewi', 1, 2, NULL, NULL, NULL, NULL, NULL, NULL),
	(128, '', 'dicky.wahyu', 'dicky.wahyu', 'Dicky Wahyu Nugroho', 1, 2, NULL, NULL, NULL, NULL, NULL, NULL),
	(129, '', 'siti.nurhasanah', 'siti.nurhasanah', 'Siti Nurhasanah', 1, 2, NULL, NULL, NULL, NULL, NULL, NULL),
	(130, '', 'patricia.kesita', 'patricia.kesita', 'Patricia Kesita Elok Tania', 1, 2, NULL, NULL, NULL, NULL, NULL, NULL),
	(131, '', 'mochammad.indra', 'mochammad.indra', 'Mochammad Indra Sukmajatnika', 1, 2, NULL, NULL, NULL, NULL, NULL, NULL),
	(132, '', 'vera.rhamawanti', 'vera.rhamawanti', 'Vera Rhamawanti', 1, 2, NULL, NULL, NULL, NULL, NULL, NULL),
	(133, '', 'supriatna.asep', 'supriatna.asep', 'Asep Supriatna', 1, 2, NULL, NULL, NULL, NULL, NULL, NULL),
	(134, '', 'euis.siti', 'euis.siti', 'Eulis Siti Halimah', 1, 2, NULL, NULL, NULL, NULL, NULL, NULL),
	(135, '', 'andri.sunaka', 'andri.sunaka', 'Andri Sunaka', 1, 2, NULL, NULL, NULL, NULL, NULL, NULL),
	(136, '', 'mahfud.biharja', 'mahfud.biharja', 'Mahfud Biharja', 1, 2, NULL, NULL, NULL, NULL, NULL, NULL),
	(137, '', 'aap.minudin', 'aap.minudin', 'Aap Aminudin', 1, 2, NULL, NULL, NULL, NULL, NULL, NULL),
	(138, '', 'agus.guswanda', 'agus.guswanda', 'Agus Guswanda', 1, 2, NULL, NULL, NULL, NULL, NULL, NULL),
	(139, '', 'acep.albi', 'acep.albi', 'Acep Albi Muhamad', 1, 2, NULL, NULL, NULL, NULL, NULL, NULL),
	(140, '', 'saefulloh', 'saefulloh', 'Saefulloh', 1, 2, NULL, NULL, NULL, NULL, NULL, NULL),
	(141, '', 'edi.ari', 'edi.ari', 'Edi Ari Nurdiansyah', 1, 2, NULL, NULL, NULL, NULL, NULL, NULL),
	(142, '', 'dendi.supriadi', 'dendi.supriadi', 'Dendi Supriadi', 1, 2, NULL, NULL, NULL, NULL, NULL, NULL),
	(143, '', 'yana.maryana', 'yana.maryana', 'Yana Maryana', 1, 2, NULL, NULL, NULL, NULL, NULL, NULL),
	(144, '', 'meisya.nur', 'meisya.nur', 'Meisya Nur Iryanti', 1, 2, NULL, NULL, NULL, NULL, NULL, NULL),
	(145, '', 'asep.abdul', 'asep.abdul', 'Asep Abdul Kohar', 1, 2, NULL, NULL, NULL, NULL, NULL, NULL),
	(146, '', 'ajib.abdul', 'ajib.abdul', 'Ajib Abdul Majid', 1, 2, NULL, NULL, NULL, NULL, NULL, NULL),
	(147, '', 'mochammad.syarqi', 'mochammad.syarqi', 'Mochammad Syarqi Fahreza', 1, 2, NULL, NULL, NULL, NULL, NULL, NULL),
	(148, '', 'dheka.mahardika', 'dheka.mahardika', 'Dheka Mahardika', 1, 2, NULL, NULL, NULL, NULL, NULL, NULL),
	(149, '', 'dedi.iskandar', 'dedi.iskandar', 'Dedi Iskandar', 1, 2, NULL, NULL, NULL, NULL, NULL, NULL),
	(150, '', 'ayu.christianing', 'ayu.christianing', 'Ayu Christianing Aprilliani', 1, 2, NULL, NULL, NULL, NULL, NULL, NULL),
	(151, '', 'martyanty.ikrimah', 'martyanty.ikrimah', 'Martyanty Ikrimah AS.', 1, 2, NULL, NULL, NULL, NULL, NULL, NULL),
	(152, '', 'novia.fuji', 'novia.fuji', 'Novia Fuji Astuti', 1, 2, NULL, NULL, NULL, NULL, NULL, NULL),
	(153, '', 'rina.karina', 'rina.karina', 'Rina Karina Nurdiani', 1, 2, NULL, NULL, NULL, NULL, NULL, NULL),
	(154, '', 'mela.safira', 'mela.safira', 'Mela Safira', 1, 2, NULL, NULL, NULL, NULL, NULL, NULL),
	(155, '', 'abi.rahman', 'abi.rahman', 'Abi Rahman Junaidi', 1, 2, NULL, NULL, NULL, NULL, NULL, NULL),
	(156, '', 'kiki.ahmad', 'kiki.ahmad', 'Kiki Ahmad', 1, 2, NULL, NULL, NULL, NULL, NULL, NULL),
	(157, '', 'heni.rohayati', 'heni.rohayati', 'Heni Rohayati', 1, 2, NULL, NULL, NULL, NULL, NULL, NULL),
	(158, '', 'wini.arimurti', 'wini.arimurti', 'Wini Arimurti Achmad', 1, 2, NULL, NULL, NULL, NULL, NULL, NULL),
	(159, '', 'aghnia.ghipari', 'aghnia.ghipari', 'Aghnia Ghipari', 1, 2, NULL, NULL, NULL, NULL, NULL, NULL),
	(160, '', 'fuad.sofyan', 'fuad.sofyan', 'Fuad Sofyan', 1, 2, NULL, NULL, NULL, NULL, NULL, NULL),
	(161, '', 'ujang.rahmat', 'ujang.rahmat', 'Ujang Rahmat', 1, 2, NULL, NULL, NULL, NULL, NULL, NULL),
	(162, '', 'mida.angelia', 'mida.angelia', 'Mida Angelia Novarita', 1, 2, NULL, NULL, NULL, NULL, NULL, NULL),
	(163, '', 'adi.muhammad', 'adi.muhammad', 'Adi Muhammad Noer', 1, 2, NULL, NULL, NULL, NULL, NULL, NULL),
	(164, '', 'anas.ruzen', 'anas.ruzen', 'Anas Ruzen', 1, 2, NULL, NULL, NULL, NULL, NULL, NULL),
	(165, '', 'lany.aulya', 'lany.aulya', 'Lany Aulya Nur Sabila', 1, 2, NULL, NULL, NULL, NULL, NULL, NULL),
	(166, '', 'fajar.lukman', 'fajar.lukman', 'Fajar Lukman Firdaus', 1, 2, NULL, NULL, NULL, NULL, NULL, NULL),
	(167, '', 'sony.apriansyah', 'sony.apriansyah', 'Sony Apriansyah', 1, 2, NULL, NULL, NULL, NULL, NULL, NULL),
	(168, '', 'roshan.yusup', 'roshan.yusup', 'Roshan Yusup', 1, 2, NULL, NULL, NULL, NULL, NULL, NULL),
	(169, '', 'dimas.nugraha', 'dimas.nugraha', 'Dimas Nugraha', 1, 2, NULL, NULL, NULL, NULL, NULL, NULL),
	(170, '', 'elva.elviana', 'elva.elviana', 'Elva Elviana', 1, 2, NULL, NULL, NULL, NULL, NULL, NULL),
	(171, '', 'ayu.desi', 'ayu.desi', 'Ayu Desi Listiani', 1, 2, NULL, NULL, NULL, NULL, NULL, NULL),
	(172, '', 'harry.wili', 'harry.wili', 'Harry Wili Kusuma', 1, 2, NULL, NULL, NULL, NULL, NULL, NULL),
	(173, '', 'yandi', 'yandi', 'Yandi', 1, 2, NULL, NULL, NULL, NULL, NULL, NULL),
	(174, '', 'hendra.febrianto', 'hendra.febrianto', 'Hendra Febrianto', 1, 2, NULL, NULL, NULL, NULL, NULL, NULL);

-- Dumping structure for table db_koperasi3.userdata
CREATE TABLE IF NOT EXISTS `userdata` (
  `username` varchar(50) NOT NULL,
  `no_rek` varchar(20) CHARACTER SET utf8mb4 COLLATE utf8mb4_0900_ai_ci DEFAULT NULL,
  `bank` varchar(50) CHARACTER SET utf8mb4 COLLATE utf8mb4_0900_ai_ci DEFAULT NULL,
  `nama_lengkap` varchar(100) NOT NULL,
  `tempat_lahir` varchar(50) NOT NULL,
  `tanggal_lahir` date DEFAULT NULL,
  `jenis_kelamin` varchar(11) NOT NULL,
  `alamat` varchar(200) NOT NULL,
  `no_hp` varchar(14) NOT NULL,
  `profil` varchar(20) NOT NULL
) ENGINE=InnoDB DEFAULT CHARSET=utf8mb4 COLLATE=utf8mb4_0900_ai_ci;

-- Dumping data for table db_koperasi3.userdata: ~0 rows (approximately)
INSERT INTO `userdata` (`username`, `no_rek`, `bank`, `nama_lengkap`, `tempat_lahir`, `tanggal_lahir`, `jenis_kelamin`, `alamat`, `no_hp`, `profil`) VALUES
	('faisal', NULL, NULL, 'Faisal', 'Cianjur', NULL, 'Laki-laki', 'Cianjur', '098766789', 'default.jpg');

-- Dumping structure for table db_koperasi3.users
CREATE TABLE IF NOT EXISTS `users` (
  `id` int NOT NULL,
  `username` varchar(255) CHARACTER SET utf32 COLLATE utf32_german2_ci NOT NULL,
  `email` varchar(255) CHARACTER SET utf32 COLLATE utf32_german2_ci NOT NULL,
  PRIMARY KEY (`id`)
) ENGINE=InnoDB DEFAULT CHARSET=utf32 COLLATE=utf32_german2_ci;

-- Dumping data for table db_koperasi3.users: ~0 rows (approximately)

-- Dumping structure for table db_koperasi3.user_access_menu
CREATE TABLE IF NOT EXISTS `user_access_menu` (
  `id` int NOT NULL AUTO_INCREMENT,
  `role_id` int NOT NULL,
  `menu_id` int NOT NULL,
  PRIMARY KEY (`id`)
) ENGINE=InnoDB AUTO_INCREMENT=15 DEFAULT CHARSET=utf8mb4 COLLATE=utf8mb4_0900_ai_ci;

-- Dumping data for table db_koperasi3.user_access_menu: ~0 rows (approximately)
INSERT INTO `user_access_menu` (`id`, `role_id`, `menu_id`) VALUES
	(1, 2, 1);

-- Dumping structure for table db_koperasi3.user_menu
CREATE TABLE IF NOT EXISTS `user_menu` (
  `id` int NOT NULL AUTO_INCREMENT,
  `menu` varchar(128) NOT NULL,
  `icon` varchar(128) NOT NULL,
  PRIMARY KEY (`id`)
) ENGINE=InnoDB AUTO_INCREMENT=11 DEFAULT CHARSET=utf8mb4 COLLATE=utf8mb4_0900_ai_ci;

-- Dumping data for table db_koperasi3.user_menu: ~0 rows (approximately)

-- Dumping structure for table db_koperasi3.user_sub_menu
CREATE TABLE IF NOT EXISTS `user_sub_menu` (
  `id` int NOT NULL AUTO_INCREMENT,
  `menu_id` int NOT NULL,
  `title` varchar(128) NOT NULL,
  `url` varchar(128) NOT NULL,
  PRIMARY KEY (`id`)
) ENGINE=InnoDB AUTO_INCREMENT=12 DEFAULT CHARSET=utf8mb4 COLLATE=utf8mb4_0900_ai_ci;

-- Dumping data for table db_koperasi3.user_sub_menu: ~0 rows (approximately)

/*!40103 SET TIME_ZONE=IFNULL(@OLD_TIME_ZONE, 'system') */;
/*!40101 SET SQL_MODE=IFNULL(@OLD_SQL_MODE, '') */;
/*!40014 SET FOREIGN_KEY_CHECKS=IFNULL(@OLD_FOREIGN_KEY_CHECKS, 1) */;
/*!40101 SET CHARACTER_SET_CLIENT=@OLD_CHARACTER_SET_CLIENT */;
/*!40111 SET SQL_NOTES=IFNULL(@OLD_SQL_NOTES, 1) */;
